genero,especie,numero_access_node_id,accession,n_genome_records,organisms_all,protein_name,protein_is_hypothetical,protein_db,organism,strain,assembly,nuccore,biosample,scientific_name,phylum,class,order,family,genus,full_lineage,host,collection_date,geo_loc_name,biosample_title,neighborhood_fasta,isolation_source,lat_lon,env_broad_scale,env_medium,env_local_scale,species_is_named,species_matches_ncbi
Lactobacillus,Lactobacillus paragasseri,WP_259592873.1,WP_259592873.1,4,Lactobacillus paragasseri,YcaO-like family protein,False,RefSeq,Lactobacillus paragasseri,CRI16,GCF_024972895.1,NZ_CP054397.1,SAMN15084587,Lactobacillus paragasseri,Bacillota,Bacilli,Lactobacillales,Lactobacillaceae,Lactobacillus,cellular organisms; Bacteria; Bacillati; Bacillota; Bacilli; Lactobacillales; Lactobacillaceae; Lactobacillus,Homo sapiens,2010,Brazil,Microbe sample from Lactobacillus paragasseri,neighborhoods\WP_259592873_1.fasta,,,,,,True,True
Streptococcus,Streptococcus pyogenes,WP_136290222.1,WP_136290222.1,2,Streptococcus pyogenes,SagD/YcaO family ATP-dependent cyclodehydratase,False,RefSeq,Streptococcus pyogenes,K6429,GCF_900982785.1,NZ_CAAHHC010000015.1,SAMEA2238138,Streptococcus pyogenes,Bacillota,Bacilli,Lactobacillales,Streptococcaceae,Streptococcus,cellular organisms; Bacteria; Bacillati; Bacillota; Bacilli; Lactobacillales; Streptococcaceae; Streptococcus,Homo sapiens,2000,Kenya,11791_7#78,neighborhoods\WP_136290222_1.fasta,"skin, soft tissue infection",,,,,True,True
Streptococcus,Streptococcus pseudoporcinus,WP_138068659.1,WP_138068659.1,2,Streptococcus pseudoporcinus,SagD/YcaO family ATP-dependent cyclodehydratase,False,RefSeq,Streptococcus pseudoporcinus,NCTC5385,GCF_901542435.1,NZ_LR594035.1,SAMEA3594361,Streptococcus pseudoporcinus,Bacillota,Bacilli,Lactobacillales,Streptococcaceae,Streptococcus,cellular organisms; Bacteria; Bacillati; Bacillota; Bacilli; Lactobacillales; Streptococcaceae; Streptococcus,not available: not collected,,United Kingdom,NCTC5385,neighborhoods\WP_138068659_1.fasta,not available: not collected,,,,,True,True
Streptococcus,Streptococcus pseudoporcinus,WP_077353871.1,WP_077353871.1,6,Streptococcus pseudoporcinus,SagD/YcaO family ATP-dependent cyclodehydratase,False,RefSeq,Streptococcus pseudoporcinus,NCTC5386,GCF_901542295.1,NZ_CABEHT010000001.1,SAMEA3542435,Streptococcus pseudoporcinus,Bacillota,Bacilli,Lactobacillales,Streptococcaceae,Streptococcus,cellular organisms; Bacteria; Bacillati; Bacillota; Bacilli; Lactobacillales; Streptococcaceae; Streptococcus,not available: not collected,1938,United Kingdom,NCTC5386,neighborhoods\WP_077353871_1.fasta,not available: not collected,,,,,True,True
Listeria,Listeria monocytogenes,EAC2412716.1,EAC2412716.1,40,Listeria monocytogenes,hypothetical protein,True,GenBank/INSDC,Listeria monocytogenes,PNUSAL001350,GCA_004382075.1,AAAHJL010000027.1,SAMN03565595,Listeria monocytogenes,Bacillota,Bacilli,Caryophanales,Listeriaceae,Listeria,cellular organisms; Bacteria; Bacillati; Bacillota; Bacilli; Caryophanales; Listeriaceae; Listeria,missing,2014-09,USA,Listeria monocytogenes,neighborhoods\EAC2412716_1.fasta,missing,missing,,,,True,True
Listeria,Listeria monocytogenes,EAE7854086.1,EAE7854086.1,1,Listeria monocytogenes,hypothetical protein,True,GenBank/INSDC,Listeria monocytogenes,PNUSAL002564,GCA_004582915.1,AAATWR010000033.1,SAMN05977310,Listeria monocytogenes,Bacillota,Bacilli,Caryophanales,Listeriaceae,Listeria,cellular organisms; Bacteria; Bacillati; Bacillota; Bacilli; Caryophanales; Listeriaceae; Listeria,missing,2011-05,USA,Listeria monocytogenes,neighborhoods\EAE7854086_1.fasta,missing,missing,,,,True,True
Staphylococcus,Staphylococcus aureus,HDD0571723.1,HDD0571723.1,21,Staphylococcus aureus,YcaO-like family protein,False,GenBank/INSDC,Staphylococcus aureus,,GCA_027478715.1,DALTML010000013.1,SAMEA7769035,Staphylococcus aureus,Bacillota,Bacilli,Caryophanales,Staphylococcaceae,Staphylococcus,cellular organisms; Bacteria; Bacillati; Bacillota; Bacilli; Caryophanales; Staphylococcaceae; Staphylococcus,Homo sapiens,2010,Germany,12860_10-00991,neighborhoods\HDD0571723_1.fasta,,,,,,True,True
Staphylococcus,Staphylococcus chromogenes,WP_449126154.1,WP_449126154.1,4,Staphylococcus chromogenes,YcaO-like family protein,False,RefSeq,Staphylococcus chromogenes,4S90,GCF_053524985.1,NZ_CP195067.1,SAMN48947241,Staphylococcus chromogenes,Bacillota,Bacilli,Caryophanales,Staphylococcaceae,Staphylococcus,cellular organisms; Bacteria; Bacillati; Bacillota; Bacilli; Caryophanales; Staphylococcaceae; Staphylococcus,goat,2016,Iran,Microbe sample from Staphylococcus chromogenes,neighborhoods\WP_449126154_1.fasta,Raw milk from teat,,,,,True,True
Staphylococcus,Staphylococcus intermedius,WP_180706921.1,WP_180706921.1,1,Staphylococcus intermedius,YcaO-like family protein,False,RefSeq,Staphylococcus intermedius,14S03307-1,GCF_002374235.1,NZ_MWRT01000009.1,SAMN06329907,Staphylococcus intermedius,Bacillota,Bacilli,Caryophanales,Staphylococcaceae,Staphylococcus,cellular organisms; Bacteria; Bacillati; Bacillota; Bacilli; Caryophanales; Staphylococcaceae; Staphylococcus; Staphylococcus intermedius group,pigeon,missing,Japan,S. intermedius P69A,neighborhoods\WP_180706921_1.fasta,missing,36 N 139 E,,,,True,True
Mediterraneibacter,Mediterraneibacter gnavus,WP_272108069.1,WP_272108069.1,13,Mediterraneibacter gnavus,TOMM precursor leader peptide-binding protein,False,RefSeq,Mediterraneibacter gnavus,RTP21484st1_H11_RTP21484_190118,GCF_028327205.1,NZ_JAQMLA010000054.1,SAMN31322897,Mediterraneibacter gnavus,Bacillota,Clostridia,Lachnospirales,Lachnospiraceae,Mediterraneibacter,cellular organisms; Bacteria; Bacillati; Bacillota; Clostridia; Lachnospirales; Lachnospiraceae; Mediterraneibacter,Homo sapiens,2019-01-18,USA,Microbe sample from Mediterraneibacter gnavus,neighborhoods\WP_272108069_1.fasta,,,,,,True,True
Bacillus,Bacillus altitudinis,WP_159145831.1,WP_159145831.1,4,Bacillus altitudinis,TOMM precursor leader peptide-binding protein,False,RefSeq,Bacillus altitudinis,,GCF_947488875.1,NZ_CANLBL010000016.1,SAMEA112157004,Bacillus altitudinis,Bacillota,Bacilli,Caryophanales,Bacillaceae,Bacillus,cellular organisms; Bacteria; Bacillati; Bacillota; Bacilli; Caryophanales; Bacillaceae; Bacillus; Bacillus altitudinis complex,,2019-01-15,China,2B3-10.fasta,neighborhoods\WP_159145831_1.fasta,,,marine biome [ENVO:00000447],marine macroalgae,,True,True
Novibacillus,Novibacillus thermophilus,WP_149027012.1,WP_149027012.1,1,Novibacillus thermophilus,TOMM precursor leader peptide-binding protein,False,RefSeq,Novibacillus thermophilus,SG-1,GCF_002005165.1,NZ_CP019699.1,SAMN06310877,Novibacillus thermophilus,Bacillota,Bacilli,Caryophanales,Thermoactinomycetaceae,Novibacillus,cellular organisms; Bacteria; Bacillati; Bacillota; Bacilli; Caryophanales; Thermoactinomycetaceae; Novibacillus,,2012-09,China: the southern tip of Guangdong Province,MIGS Cultured Bacterial/Archaeal sample from Novibacillus thermophilus SG-1,neighborhoods\WP_149027012_1.fasta,soil flooded by seawater,20.348 N 110.178 E,sea-beach wetland,soil,salinate fields,True,True
Mammaliicoccus,Mammaliicoccus sciuri,WP_239372408.1,WP_239372408.1,4,Mammaliicoccus sciuri,YcaO-like family protein,False,RefSeq,Mammaliicoccus sciuri,IMDO-S72,GCF_911094105.1,NZ_CAJVGN010000003.1,SAMEA8963170,Mammaliicoccus sciuri,Bacillota,Bacilli,Caryophanales,Staphylococcaceae,Mammaliicoccus,cellular organisms; Bacteria; Bacillati; Bacillota; Bacilli; Caryophanales; Staphylococcaceae; Mammaliicoccus,,,Belgium,Mammaliicoccus sciuri IMDO-S72,neighborhoods\WP_239372408_1.fasta,fermented meat,,,,,True,True
Staphylococcus,Staphylococcus agnetis,WP_174167550.1,WP_174167550.1,2,Staphylococcus agnetis,YcaO-like family protein,False,RefSeq,Staphylococcus agnetis,4244,GCF_013328145.2,NZ_JABULG020000014.1,SAMN15077582,Staphylococcus agnetis,Bacillota,Bacilli,Caryophanales,Staphylococcaceae,Staphylococcus,cellular organisms; Bacteria; Bacillati; Bacillota; Bacilli; Caryophanales; Staphylococcaceae; Staphylococcus,,2008,Brazil: Rio de Janeiro State,Microbe sample from Staphylococcus agnetis,neighborhoods\WP_174167550_1.fasta,cow udder,,,,,True,True
Bacillus,Bacillus sp. FSL R5-0811,WP_341117738.1,WP_341117738.1,2,Bacillus sp. FSL R5-0811,TOMM precursor leader peptide-binding protein,False,RefSeq,Bacillus sp. FSL R5-0811,FSL R5-0811,GCF_038007065.1,NZ_JBBOWM010000001.1,SAMN30693198,Bacillus sp. FSL R5-0811,Bacillota,Bacilli,Caryophanales,Bacillaceae,Bacillus,cellular organisms; Bacteria; Bacillati; Bacillota; Bacilli; Caryophanales; Bacillaceae; Bacillus; unclassified Bacillus (in: firmicutes),not applicable,not collected,not applicable,WGS of Bacilli,neighborhoods\WP_341117738_1.fasta,dairy,,,,,False,True
Macrococcoides,Macrococcoides caseolyticum,WP_172686359.1,WP_172686359.1,2,Macrococcoides caseolyticum,YcaO-like family protein,False,RefSeq,Macrococcoides caseolyticum,115,,NZ_KM613043.1,,,,,,,,,,,,,neighborhoods\WP_172686359_1.fasta,,,,,,True,True
Halobacillus,Halobacillus salinarum,WP_244712289.1,WP_244712289.1,2,Halobacillus salinarum,TOMM precursor leader peptide-binding protein,False,RefSeq,Halobacillus salinarum,SSBR10-3,GCF_022919095.1,NZ_CP095073.1,SAMN27282204,Halobacillus salinarum,Bacillota,Bacilli,Caryophanales,Bacillaceae,Halobacillus,cellular organisms; Bacteria; Bacillati; Bacillota; Bacilli; Caryophanales; Bacillaceae; Halobacillus,,2010-06-01,"South Korea: Jeollanam-do, Sinan-gun, Jeungdo-myeon",Microbe sample from Halobacillus salinarum,neighborhoods\WP_244712289_1.fasta,Saltern,,,,,True,True
Luxibacter,Luxibacter massiliensis,MIO8983352.1,MIO8983352.1,2,Luxibacter massiliensis,TOMM precursor leader peptide-binding protein,False,GenBank/INSDC,Luxibacter massiliensis,,GCA_060956085.1,JCCWZX010000029.1,SAMN60701277,Luxibacter massiliensis,Bacillota,Clostridia,Lachnospirales,Lachnospiraceae,Luxibacter,cellular organisms; Bacteria; Bacillati; Bacillota; Clostridia; Lachnospirales; Lachnospiraceae; Luxibacter,Homo sapiens,2017,USA:New York,MIMAG Metagenome-assembled Genome sample from Luxibacter massiliensis,neighborhoods\MIO8983352_1.fasta,feces,40.7641 N 73.9568 W,human-associated habitat [ENVO:00009003],feces [ENVO:00007190],human gut [ENVO:00004980],True,True
Bacillus,Bacillus cereus ATCC 14579,AAP11954.1,AAP11954.1,1,Bacillus cereus ATCC 14579,hypothetical Cytosolic Protein,True,GenBank/INSDC,Bacillus cereus ATCC 14579,ATCC 14579,GCA_000007825.1,AE016877.1,SAMN02603340,Bacillus cereus ATCC 14579,Bacillota,Bacilli,Caryophanales,Bacillaceae,Bacillus,cellular organisms; Bacteria; Bacillati; Bacillota; Bacilli; Caryophanales; Bacillaceae; Bacillus; Bacillus cereus group; Bacillus cereus,,,,Sample from Bacillus cereus ATCC 14579,neighborhoods\AAP11954_1.fasta,,,,,,True,True
Priestia,Priestia megaterium,WP_449305956.1,WP_449305956.1,2,Priestia megaterium,TOMM precursor leader peptide-binding protein,False,RefSeq,Priestia megaterium,CMM88,GCF_053570885.1,NZ_JBSEDV010000023.1,SAMN51205496,Priestia megaterium,Bacillota,Bacilli,Caryophanales,Bacillaceae,Priestia,cellular organisms; Bacteria; Bacillati; Bacillota; Bacilli; Caryophanales; Bacillaceae; Priestia,Solanum chilense,2023-06,"Greece: Thrace, Orestiada",Microbe sample from Priestia megaterium,neighborhoods\WP_449305956_1.fasta,rhizosphere,,,,,True,True
Gottfriedia,Gottfriedia solisilvae,WP_430510494.1,WP_430510494.1,1,Gottfriedia solisilvae,TOMM precursor leader peptide-binding protein,False,RefSeq,Gottfriedia solisilvae,XL165,GCF_050510855.1,NZ_JBNKIJ010000006.1,SAMN48155367,Gottfriedia solisilvae,Bacillota,Bacilli,Caryophanales,Bacillaceae,Gottfriedia,cellular organisms; Bacteria; Bacillati; Bacillota; Bacilli; Caryophanales; Bacillaceae; Gottfriedia,Cucumis sativus,2021-05-02,China:Jiangsu,Microbe sample from Gottfriedia solisilvae,neighborhoods\WP_430510494_1.fasta,rhizosphere,,,,,True,True
Paenibacillus,Paenibacillus larvae,WP_230460689.1,WP_230460689.1,29,Paenibacillus larvae; Paenibacillus larvae subsp. larvae; Paenibacillus larvae subsp. pulvifaciens,TOMM precursor leader peptide-binding protein,False,RefSeq,Paenibacillus larvae subsp. larvae,Eric_III,GCF_002951915.1,NZ_CP019655.1,SAMN06166977,Paenibacillus larvae subsp. larvae,Bacillota,Bacilli,Caryophanales,Paenibacillaceae,Paenibacillus,cellular organisms; Bacteria; Bacillati; Bacillota; Bacilli; Caryophanales; Paenibacillaceae; Paenibacillus; Paenibacillus larvae,honeybees,1977,USA,Microbe sample from Paenibacillus larvae subsp. larvae,neighborhoods\WP_230460689_1.fasta,foul brood,,,,,True,True
Bacillus,Bacillus toyonensis,WP_262734329.1,WP_262734329.1,2,Bacillus toyonensis,TOMM precursor leader peptide-binding protein,False,RefSeq,Bacillus toyonensis,BC127A,GCF_025519565.1,NZ_JAOPTF010000102.1,SAMN27545647,Bacillus toyonensis,Bacillota,Bacilli,Caryophanales,Bacillaceae,Bacillus,cellular organisms; Bacteria; Bacillati; Bacillota; Bacilli; Caryophanales; Bacillaceae; Bacillus; Bacillus cereus group,,2018,Italy,Pathogen: environmental/food/other sample from Bacillus toyonensis,neighborhoods\WP_262734329_1.fasta,Milk and dairy products,41.25 N 16.25 E,,,,True,True
Effusibacillus,Effusibacillus lacus,WP_096183859.1,WP_096183859.1,3,Effusibacillus lacus,TOMM precursor leader peptide-binding protein,False,RefSeq,Effusibacillus lacus,DSM 27172,GCF_004343345.1,NZ_SLZX01000005.1,SAMN10362903,Effusibacillus lacus,Bacillota,Bacilli,Caryophanales,Alicyclobacillaceae,Effusibacillus,cellular organisms; Bacteria; Bacillati; Bacillota; Bacilli; Caryophanales; Alicyclobacillaceae; Effusibacillus,not applicable,missing,missing,Effusibacillus lacus DSM 27172,neighborhoods\WP_096183859_1.fasta,missing,missing,missing,missing,missing,True,True
Paenibacillus,Paenibacillus sp. Soil724D2,WP_060647049.1,WP_060647049.1,2,Paenibacillus sp. Soil724D2,TOMM precursor leader peptide-binding protein,False,RefSeq,Paenibacillus sp. Soil724D2,Soil724D2,GCF_001427935.1,NZ_LMRY01000016.1,SAMN04155657,Paenibacillus sp. Soil724D2,Bacillota,Bacilli,Caryophanales,Paenibacillaceae,Paenibacillus,cellular organisms; Bacteria; Bacillati; Bacillota; Bacilli; Caryophanales; Paenibacillaceae; Paenibacillus; unclassified Paenibacillus,Arabidopsis thaliana,2013,Germany:Cologne,MIGS Cultured Bacterial/Archaeal sample from Paenibacillus sp. Soil724D2,neighborhoods\WP_060647049_1.fasta,,50.958 N 6.856 E,Agricultural soil,soil,greenhouse,False,True
Bacillota,Bacillota bacterium,MGM0852453.1,MGM0852453.1,1,Bacillota bacterium,TOMM precursor leader peptide-binding protein,False,GenBank/INSDC,Bacillota bacterium,not collected,GCA_051750565.1,JBNJJV010000002.1,SAMN45962184,Bacillota bacterium,Bacillota,,,,,cellular organisms; Bacteria; Bacillati; Bacillota; unclassified Bacillota,not collected,2024-03-11,China: Xinjiang,MIMAG Metagenome-assembled Genome sample from Bacillota bacterium,neighborhoods\MGM0852453_1.fasta,salt lake,43.6643 N 92.7978 E,missing,missing,missing,False,True
Priestia,Priestia abyssalis,WP_078410373.1,WP_078410373.1,1,Priestia abyssalis,TOMM precursor leader peptide-binding protein,False,RefSeq,Priestia abyssalis,DSM 25875,GCF_002019595.1,NZ_KV917369.1,SAMN05934486,Priestia abyssalis,Bacillota,Bacilli,Caryophanales,Bacillaceae,Priestia,cellular organisms; Bacteria; Bacillati; Bacillota; Bacilli; Caryophanales; Bacillaceae; Priestia,,2013-01-01,China,Microbe sample from Priestia abyssalis,neighborhoods\WP_078410373_1.fasta,sediment,,,,,True,True
Halobacillus,Halobacillus halophilus,WP_014642915.1,WP_014642915.1,4,Halobacillus halophilus; Halobacillus halophilus DSM 2266,TOMM precursor leader peptide-binding protein,False,RefSeq,Halobacillus halophilus DSM 2266,type strain: DSM 2266,GCF_000284515.1,NC_017668.1,SAMEA2272168,Halobacillus halophilus DSM 2266,Bacillota,Bacilli,Caryophanales,Bacillaceae,Halobacillus,cellular organisms; Bacteria; Bacillati; Bacillota; Bacilli; Caryophanales; Bacillaceae; Halobacillus; Halobacillus halophilus,,,,BioSample entry for genome collection GCA_000284515,neighborhoods\WP_014642915_1.fasta,,,,,,True,True
Brevibacillus,Brevibacillus ruminantium,WP_251870361.1,WP_251870361.1,2,Brevibacillus ruminantium,TOMM precursor leader peptide-binding protein,False,RefSeq,Brevibacillus ruminantium,BB3-R1,GCF_023746555.1,NZ_CP098755.1,SAMN28869176,Brevibacillus ruminantium,Bacillota,Bacilli,Caryophanales,Paenibacillaceae,Brevibacillus,cellular organisms; Bacteria; Bacillati; Bacillota; Bacilli; Caryophanales; Paenibacillaceae; Brevibacillus,,2022-03-23,"South Korea: Yuseong-gu, Daejeon-si",Microbe sample from Brevibacillus ruminantium,neighborhoods\WP_251870361_1.fasta,Cow fecal,,,,,True,True
Metabacillus,Metabacillus sp. Hm71,WP_439251850.1,WP_439251850.1,2,Metabacillus sp. Hm71,TOMM precursor leader peptide-binding protein,False,RefSeq,Metabacillus sp. Hm71,Hm71,GCF_051842955.1,NZ_JBPXRS010000009.1,SAMN50083334,Metabacillus sp. Hm71,Bacillota,Bacilli,Caryophanales,Bacillaceae,Metabacillus,cellular organisms; Bacteria; Bacillati; Bacillota; Bacilli; Caryophanales; Bacillaceae; Metabacillus; unclassified Metabacillus,,2024-12-23,China,MIGS Cultured Bacterial/Archaeal sample from Metabacillus sp. Hm71,neighborhoods\WP_439251850_1.fasta,,21.0437 N 109.0828 E,ENVO:00000437,ENVO:00002184,ENVO:00000437,False,True
Halobacillus,Halobacillus alkaliphilus,WP_089751961.1,WP_089751961.1,2,Halobacillus alkaliphilus,TOMM precursor leader peptide-binding protein,False,RefSeq,Halobacillus alkaliphilus,FP5,GCF_900113125.1,NZ_FOOG01000016.1,SAMN05216353,Halobacillus alkaliphilus,Bacillota,Bacilli,Caryophanales,Bacillaceae,Halobacillus,cellular organisms; Bacteria; Bacillati; Bacillota; Bacilli; Caryophanales; Bacillaceae; Halobacillus,not applicable,not collected,missing,Halobacillus alkaliphilus FP5,neighborhoods\WP_089751961_1.fasta,missing,missing,missing,missing,missing,True,True
Anaerobacillus,Anaerobacillus sp.,MGB8000546.1,MGB8000546.1,1,Anaerobacillus sp.,TOMM precursor leader peptide-binding protein,False,GenBank/INSDC,Anaerobacillus sp.,,GCA_049688035.1,JBAVJY010000299.1,SAMN40008716,Anaerobacillus sp.,Bacillota,Bacilli,Caryophanales,Bacillaceae,Anaerobacillus,cellular organisms; Bacteria; Bacillati; Bacillota; Bacilli; Caryophanales; Bacillaceae; Anaerobacillus; unclassified Anaerobacillus,,2021-07-21,Denmark,NA,neighborhoods\MGB8000546_1.fasta,Soil from Natural Coastal,55.26007 N 9.77041 E,Soil,Natural Coastal,Natural Coastal,False,True
Halobacillus,Halobacillus sp. SY10,WP_406946048.1,WP_406946048.1,2,Halobacillus sp. SY10,TOMM precursor leader peptide-binding protein,False,RefSeq,Halobacillus sp. SY10,SY10,GCF_045401165.1,NZ_CP174345.1,SAMN44789437,Halobacillus sp. SY10,Bacillota,Bacilli,Caryophanales,Bacillaceae,Halobacillus,cellular organisms; Bacteria; Bacillati; Bacillota; Bacilli; Caryophanales; Bacillaceae; Halobacillus; unclassified Halobacillus,missing,2023-09-21,China,Microbe sample from Halobacillus sp. SY10,neighborhoods\WP_406946048_1.fasta,salt lake soil,,,,,False,True
Paenibacillus,Paenibacillus sp. DMB20,WP_046681616.1,WP_046681616.1,2,Paenibacillus sp. DMB20,TOMM precursor leader peptide-binding protein,False,RefSeq,Paenibacillus sp. DMB20,DMB20,GCF_000987955.1,NZ_LAZU01000056.1,SAMN03485799,Paenibacillus sp. DMB20,Bacillota,Bacilli,Caryophanales,Paenibacillaceae,Paenibacillus,cellular organisms; Bacteria; Bacillati; Bacillota; Bacilli; Caryophanales; Paenibacillaceae; Paenibacillus; unclassified Paenibacillus,,2013-06-06,India: Bhavnagar,Microbe sample from Paenibacillus sp. DMB20,neighborhoods\WP_046681616_1.fasta,Alang ship breaking yard,,,,,False,True
Neobacillus,Neobacillus driksii,WP_179595939.1,WP_179595939.1,1,Neobacillus driksii,TOMM precursor leader peptide-binding protein,False,RefSeq,Neobacillus driksii,AT2.8,GCF_013409995.1,NZ_JACCBX010000002.1,SAMN12794012,Neobacillus driksii,Bacillota,Bacilli,Caryophanales,Bacillaceae,Neobacillus,cellular organisms; Bacteria; Bacillati; Bacillota; Bacilli; Caryophanales; Bacillaceae; Neobacillus,not applicable,missing,missing,Bacillus niacini AT2.8,neighborhoods\WP_179595939_1.fasta,missing,missing,missing,missing,missing,True,True
unclassified,unclassified Bacillus (in: firmicutes),WP_090831756.1,WP_090831756.1,2,Bacillus sp. UNCCL13; Bacillus sp. cl95,TOMM precursor leader peptide-binding protein,False,RefSeq,Bacillus sp. UNCCL13,UNCCL13,GCF_900112075.1,NZ_FOJZ01000002.1,SAMN02799634,Bacillus sp. UNCCL13,Bacillota,Bacilli,Caryophanales,Bacillaceae,Bacillus,cellular organisms; Bacteria; Bacillati; Bacillota; Bacilli; Caryophanales; Bacillaceae; Bacillus; unclassified Bacillus (in: firmicutes),,not collected,missing,Bacillus sp. UNCCL13,neighborhoods\WP_090831756_1.fasta,,not collected,missing,missing,missing,False,False
Niallia,Niallia sp. XMNu-256,WP_338472432.1,WP_338472432.1,2,Niallia sp. XMNu-256,TOMM precursor leader peptide-binding protein,False,RefSeq,Niallia sp. XMNu-256,XMNu-256,GCF_036670015.1,NZ_CP137636.1,SAMN37916202,Niallia sp. XMNu-256,Bacillota,Bacilli,Caryophanales,Bacillaceae,Niallia,cellular organisms; Bacteria; Bacillati; Bacillota; Bacilli; Caryophanales; Bacillaceae; Niallia; unclassified Niallia,,2018-09-09,"China: Hebei province, Zhangjiakou",Microbe sample from Niallia locisalis,neighborhoods\WP_338472432_1.fasta,salt pond,,,,,False,True
Bacillus,Bacillus sp. (in: firmicutes),HWO95046.1,HWO95046.1,1,Bacillus sp. (in: firmicutes),TOMM precursor leader peptide-binding protein,False,GenBank/INSDC,Bacillus sp. (in: firmicutes),,GCA_035559215.1,DATMBQ010000012.1,SAMN37942766,Bacillus sp. (in: firmicutes),Bacillota,Bacilli,Caryophanales,Bacillaceae,Bacillus,cellular organisms; Bacteria; Bacillati; Bacillota; Bacilli; Caryophanales; Bacillaceae; Bacillus; unclassified Bacillus (in: firmicutes),,not collected,USA,MIMAG Metagenome-assembled Genome sample from Bacillus sp. (in: firmicutes),neighborhoods\HWO95046_1.fasta,soil,40.801167 N 76.3429 W,soil biome [ENVO:01001044],Artificial Surfaces,Artificial Surfaces,False,True
Halobacillus,Halobacillus litoralis,WP_160917664.1,WP_160917664.1,2,Halobacillus litoralis,TOMM precursor leader peptide-binding protein,False,RefSeq,Halobacillus litoralis,22505_10_Sand,GCF_009856415.1,NZ_WMEZ01000015.1,SAMN13191868,Halobacillus litoralis,Bacillota,Bacilli,Caryophanales,Bacillaceae,Halobacillus,cellular organisms; Bacteria; Bacillati; Bacillota; Bacilli; Caryophanales; Bacillaceae; Halobacillus,missing,missing,Puerto Rico: near crystallizers from saltern,Microbe sample from Halobacillus litoralis,neighborhoods\WP_160917664_1.fasta,Sand sample,,,,,True,True
Mesobacillus,Mesobacillus maritimus,WP_251556452.1,WP_251556452.1,2,Mesobacillus maritimus,TOMM precursor leader peptide-binding protein,False,RefSeq,Mesobacillus maritimus,MER TA 152,GCF_023715205.1,NZ_JAMBNR010000002.1,SAMN28071818,Mesobacillus maritimus,Bacillota,Bacilli,Caryophanales,Bacillaceae,Mesobacillus,cellular organisms; Bacteria; Bacillati; Bacillota; Bacilli; Caryophanales; Bacillaceae; Mesobacillus,,2013-07-17,USA,Microbe sample from Mesobacillus maritimus,neighborhoods\WP_251556452_1.fasta,spacecraft surface,,,,,True,True
Guptibacillus,Guptibacillus hwajinpoensis,WP_283152618.1,WP_283152618.1,1,Guptibacillus hwajinpoensis,TOMM precursor leader peptide-binding protein,False,RefSeq,Guptibacillus hwajinpoensis,MABIK MI00000821,GCF_030035425.1,NZ_CP125299.1,SAMN35019050,Guptibacillus hwajinpoensis,Bacillota,Bacilli,Caryophanales,Guptibacillaceae,Guptibacillus,cellular organisms; Bacteria; Bacillati; Bacillota; Bacilli; Caryophanales; Guptibacillaceae; Guptibacillus,,1994-06-15,"South Korea: Taein-dong, Gwangyang-si, Jeollanam-do",Microbe sample from Guptibacillus hwajinpoensis,neighborhoods\WP_283152618_1.fasta,missing,,,,,True,True
Halobacillus,Halobacillus sp. GSS1,WP_206946261.1,WP_206946261.1,2,Halobacillus sp. GSS1,TOMM precursor leader peptide-binding protein,False,RefSeq,Halobacillus sp. GSS1,GSS1,GCF_017307035.1,NZ_JAFLHE010000002.1,SAMN18112459,Halobacillus sp. GSS1,Bacillota,Bacilli,Caryophanales,Bacillaceae,Halobacillus,cellular organisms; Bacteria; Bacillati; Bacillota; Bacilli; Caryophanales; Bacillaceae; Halobacillus; unclassified Halobacillus,,2017-06-14,India: Sundarbans,Microbe sample from Halobacillus sp. GSS1,neighborhoods\WP_206946261_1.fasta,soil,,,,,False,True
Metabacillus,Metabacillus litoralis,WP_251525773.1,WP_251525773.1,2,Metabacillus litoralis,TOMM precursor leader peptide-binding protein,False,RefSeq,Metabacillus litoralis,MER TA 86,GCF_023715305.1,NZ_JAMBNW010000003.1,SAMN28071813,Metabacillus litoralis,Bacillota,Bacilli,Caryophanales,Bacillaceae,Metabacillus,cellular organisms; Bacteria; Bacillati; Bacillota; Bacilli; Caryophanales; Bacillaceae; Metabacillus,,2013-07-30,USA,Microbe sample from Metabacillus litoralis,neighborhoods\WP_251525773_1.fasta,spacecraft surface,,,,,True,True
Salinithrix,Salinithrix halophila,WP_380704826.1,WP_380704826.1,2,Salinithrix halophila,TOMM precursor leader peptide-binding protein,False,RefSeq,Salinithrix halophila,IBRC-M 10813,GCF_042650125.1,NZ_JBHSAP010000009.1,SAMN43281997,Salinithrix halophila,Bacillota,Bacilli,Caryophanales,Thermoactinomycetaceae,Salinithrix,cellular organisms; Bacteria; Bacillati; Bacillota; Bacilli; Caryophanales; Thermoactinomycetaceae; Salinithrix,,2020,missing,Microbe sample from Salinithrix halophila,neighborhoods\WP_380704826_1.fasta,missing,,,,,True,True
Bacillus,Bacillus sp. V3B,WP_256240891.1,WP_256240891.1,2,Bacillus sp. V3B,TOMM precursor leader peptide-binding protein,False,RefSeq,Bacillus sp. V3B,V3B,GCF_024494465.1,NZ_JAETXM010000004.1,SAMN17478686,Bacillus sp. V3B,Bacillota,Bacilli,Caryophanales,Bacillaceae,Bacillus,cellular organisms; Bacteria; Bacillati; Bacillota; Bacilli; Caryophanales; Bacillaceae; Bacillus; unclassified Bacillus (in: firmicutes),,2011-09,Spain,Microbe sample from Bacillus sp. V3B,neighborhoods\WP_256240891_1.fasta,evaporation pond of a saltern,,,,,False,True
Bacillus,Bacillus sp. CZDM1,WP_464867902.1,WP_464867902.1,1,Bacillus sp. CZDM1,TOMM precursor leader peptide-binding protein,False,RefSeq,Bacillus sp. CZDM1,CZDM1,GCF_055502545.1,NZ_JBUESO010000002.1,SAMN55066585,Bacillus sp. CZDM1,Bacillota,Bacilli,Caryophanales,Bacillaceae,Bacillus,cellular organisms; Bacteria; Bacillati; Bacillota; Bacilli; Caryophanales; Bacillaceae; Bacillus; unclassified Bacillus (in: firmicutes),,2018,"China: Hunan province, Chenzhou",Microbe sample from Bacillus sp. CZDM1,neighborhoods\WP_464867902_1.fasta,paddy soil,,,,,False,True
Neobacillus,Neobacillus sp. MER 74,WP_251462521.1,WP_251462521.1,2,Neobacillus sp. MER 74,TOMM precursor leader peptide-binding protein,False,RefSeq,Neobacillus sp. MER 74,MER 74,GCF_023714155.1,NZ_JAMAUV010000018.1,SAMN27921987,Neobacillus sp. MER 74,Bacillota,Bacilli,Caryophanales,Bacillaceae,Neobacillus,cellular organisms; Bacteria; Bacillati; Bacillota; Bacilli; Caryophanales; Bacillaceae; Neobacillus; unclassified Neobacillus,,2003-03-11,USA,Microbe sample from Neobacillus sp. MER 74,neighborhoods\WP_251462521_1.fasta,Cleanroom,,,,,False,True
Halobacillus,Halobacillus halophilus,WP_224894603.1,WP_224894603.1,2,Halobacillus halophilus,TOMM precursor leader peptide-binding protein,False,RefSeq,Halobacillus halophilus,AcN7-4,GCF_020171985.1,NZ_JAIVAL010000007.1,SAMN21542847,Halobacillus halophilus,Bacillota,Bacilli,Caryophanales,Bacillaceae,Halobacillus,cellular organisms; Bacteria; Bacillati; Bacillota; Bacilli; Caryophanales; Bacillaceae; Halobacillus,,2021-01-13,China:Shenzhen,MIGS Cultured Bacterial/Archaeal sample from Halobacillus halophilus,neighborhoods\WP_224894603_1.fasta,,22.651 N 114.515 E,Mangrove rhizosphere sediment,sediment,offshore,True,True
Thermolongibacillus,Thermolongibacillus altinsuensis,WP_132949104.1,WP_132949104.1,3,Thermolongibacillus altinsuensis,TOMM precursor leader peptide-binding protein,False,RefSeq,Thermolongibacillus altinsuensis,DSM 24979,GCF_004341205.1,NZ_SLUL01000013.1,SAMN10362784,Thermolongibacillus altinsuensis,Bacillota,Bacilli,Caryophanales,Anoxybacillaceae,Thermolongibacillus,cellular organisms; Bacteria; Bacillati; Bacillota; Bacilli; Caryophanales; Anoxybacillaceae; Thermolongibacillus,not applicable,missing,missing,Thermolongibacillus altinsuensis DSM 24979,neighborhoods\WP_132949104_1.fasta,missing,missing,missing,missing,missing,True,True
Halobacillus,Halobacillus mangrovi,WP_085028540.1,WP_085028540.1,2,Halobacillus mangrovi,TOMM precursor leader peptide-binding protein,False,RefSeq,Halobacillus mangrovi,KTB 131,GCF_002097535.1,NZ_CP020772.1,SAMN06640208,Halobacillus mangrovi,Bacillota,Bacilli,Caryophanales,Bacillaceae,Halobacillus,cellular organisms; Bacteria; Bacillati; Bacillota; Bacilli; Caryophanales; Bacillaceae; Halobacillus,black mangrove,2008,USA,Whole genome sequencing and assembly of Halobacillus mangrovi KTB 131,neighborhoods\WP_085028540_1.fasta,,,,,,True,True
unclassified,unclassified Cytobacillus,WP_251284200.1,WP_251284200.1,3,Cytobacillus sp. AMY 15.2; Cytobacillus sp. FSL R5-0377,TOMM precursor leader peptide-binding protein,False,RefSeq,Cytobacillus sp. AMY 15.2,AMY 15.2,GCF_023714805.1,NZ_JAMATP010000017.1,SAMN27921952,Cytobacillus sp. AMY 15.2,Bacillota,Bacilli,Caryophanales,Bacillaceae,Cytobacillus,cellular organisms; Bacteria; Bacillati; Bacillota; Bacilli; Caryophanales; Bacillaceae; Cytobacillus; unclassified Cytobacillus,,2007-06-01,USA,Microbe sample from Cytobacillus sp. AMY 15.2,neighborhoods\WP_251284200_1.fasta,Cleanroom,,,,,False,False
Paenibacillus,Paenibacillus contaminans,WP_238178155.1,WP_238178155.1,1,Paenibacillus contaminans,TOMM precursor leader peptide-binding protein,False,RefSeq,Paenibacillus contaminans,CKOBP-6,GCF_003285015.1,NZ_QMFB01000029.1,SAMN09478231,Paenibacillus contaminans,Bacillota,Bacilli,Caryophanales,Paenibacillaceae,Paenibacillus,cellular organisms; Bacteria; Bacillati; Bacillota; Bacilli; Caryophanales; Paenibacillaceae; Paenibacillus,,2008-10-30,Taiwan,Microbe sample from Paenibacillus contaminans,neighborhoods\WP_238178155_1.fasta,contaminated laboratory plate,,,,,True,True
Cytobacillus,Cytobacillus horneckiae,WP_066198254.1,WP_066198254.1,5,Cytobacillus horneckiae,TOMM precursor leader peptide-binding protein,False,RefSeq,Cytobacillus horneckiae,B-59272,GCF_036216715.1,NZ_JARMMB010000001.1,SAMN32974842,Cytobacillus horneckiae,Bacillota,Bacilli,Caryophanales,Bacillaceae,Cytobacillus,cellular organisms; Bacteria; Bacillati; Bacillota; Bacilli; Caryophanales; Bacillaceae; Cytobacillus,,2009-05-05,USA: Florida,Microbe sample from Cytobacillus horneckiae,neighborhoods\WP_066198254_1.fasta,Phoenix spacecraft associated environments,,,,,True,True
Bacillus,Bacillus methanolicus,WP_004436721.1,WP_004436721.1,2,Bacillus methanolicus PB1,TOMM precursor leader peptide-binding protein,False,RefSeq,Bacillus methanolicus PB1,PB1,GCF_000262755.1,NZ_AFEU01000003.1,SAMN00261231,Bacillus methanolicus PB1,Bacillota,Bacilli,Caryophanales,Bacillaceae,Bacillus,cellular organisms; Bacteria; Bacillati; Bacillota; Bacilli; Caryophanales; Bacillaceae; Bacillus; Bacillus methanolicus,,,,Bacillus methanolicus PB1,neighborhoods\WP_004436721_1.fasta,,,,,,True,True
Oikeobacillus,Oikeobacillus pervagus,MDQ0216070.1,MDQ0216070.1,2,Oikeobacillus pervagus,ribosomal protein S12 methylthiotransferase accessory factor,False,GenBank/INSDC,Oikeobacillus pervagus,DSM 23947,GCA_030813365.1,JAUSUC010000034.1,SAMN18242731,Oikeobacillus pervagus,Bacillota,Bacilli,Caryophanales,Bacillaceae,Oikeobacillus,cellular organisms; Bacteria; Bacillati; Bacillota; Bacilli; Caryophanales; Bacillaceae; Oikeobacillus,not applicable,missing,missing,Bacillus pervagus DSM 23947,neighborhoods\MDQ0216070_1.fasta,missing,missing,missing,missing,missing,True,True
Bacillus,Bacillus sp. AFS002410,WP_098118052.1,WP_098118052.1,2,Bacillus sp. AFS002410,TOMM precursor leader peptide-binding protein,False,RefSeq,Bacillus sp. AFS002410,AFS002410,GCF_002556365.1,NZ_NUEU01000005.1,SAMN07597269,Bacillus sp. AFS002410,Bacillota,Bacilli,Caryophanales,Bacillaceae,Bacillus,cellular organisms; Bacteria; Bacillati; Bacillota; Bacilli; Caryophanales; Bacillaceae; Bacillus; unclassified Bacillus (in: firmicutes),,2014-05-27,USA: NY,Microbe sample from Bacillus sp. AFS002410,neighborhoods\WP_098118052_1.fasta,soil,,,,,False,True
Thermoactinomyces,Thermoactinomyces mirandus,WP_181740007.1,WP_181740007.1,2,Thermoactinomyces mirandus,TOMM precursor leader peptide-binding protein,False,RefSeq,Thermoactinomyces mirandus,AMNI-1,GCA_013868055.1,JACEOL010000030.1,SAMN15599516,Thermoactinomyces mirandus,Bacillota,Bacilli,Caryophanales,Thermoactinomycetaceae,Thermoactinomyces,cellular organisms; Bacteria; Bacillati; Bacillota; Bacilli; Caryophanales; Thermoactinomycetaceae; Thermoactinomyces,,2015,Austria,Microbe sample from Thermoactinomyces mirandus,neighborhoods\WP_181740007_1.fasta,biogas reactor,,,,,True,True
Neobacillus,Neobacillus massiliamazoniensis,WP_090635197.1,WP_090635197.1,2,Neobacillus massiliamazoniensis,TOMM precursor leader peptide-binding protein,False,RefSeq,Neobacillus massiliamazoniensis,LF1,GCF_001048695.1,NZ_CVRB01000003.1,SAMEA3402918,Neobacillus massiliamazoniensis,Bacillota,Bacilli,Caryophanales,Bacillaceae,Neobacillus,cellular organisms; Bacteria; Bacillati; Bacillota; Bacilli; Caryophanales; Bacillaceae; Neobacillus,,,,Bacillus_massilioamazoniensis,neighborhoods\WP_090635197_1.fasta,,,,,,True,True
Bacillus,Bacillus sp. B15-48,WP_203555391.1,WP_203555391.1,2,Bacillus sp. B15-48,TOMM precursor leader peptide-binding protein,False,RefSeq,Bacillus sp. B15-48,B15-48,GCF_016879755.1,NZ_WOFU01000003.1,SAMN13420636,Bacillus sp. B15-48,Bacillota,Bacilli,Caryophanales,Bacillaceae,Bacillus,cellular organisms; Bacteria; Bacillati; Bacillota; Bacilli; Caryophanales; Bacillaceae; Bacillus; unclassified Bacillus (in: firmicutes),,2013-09-16,Hungary: Kiskunsag National Park,Microbe sample from Bacillus alkalilimosus B15-48,neighborhoods\WP_203555391_1.fasta,lake sediment,,,,,False,True
Metabacillus,Metabacillus herbersteinensis,WP_378935837.1,WP_378935837.1,2,Metabacillus herbersteinensis,TOMM precursor leader peptide-binding protein,False,RefSeq,Metabacillus herbersteinensis,CCM 7228,GCA_042433335.1,JBHLVO010000015.1,SAMN43281596,Metabacillus herbersteinensis,Bacillota,Bacilli,Caryophanales,Bacillaceae,Metabacillus,cellular organisms; Bacteria; Bacillati; Bacillota; Bacilli; Caryophanales; Bacillaceae; Metabacillus,,2020,missing,Microbe sample from Metabacillus herbersteinensis,neighborhoods\WP_378935837_1.fasta,missing,,,,,True,True
Bacillus,Bacillus sp. MRMR6,WP_483295242.1,WP_483295242.1,1,Bacillus sp. MRMR6,TOMM precursor leader peptide-binding protein,False,RefSeq,Bacillus sp. MRMR6,MRMR6,GCF_001940785.1,NZ_MSLS01000005.1,SAMN06140743,Bacillus sp. MRMR6,Bacillota,Bacilli,Caryophanales,Bacillaceae,Bacillus,cellular organisms; Bacteria; Bacillati; Bacillota; Bacilli; Caryophanales; Bacillaceae; Bacillus; unclassified Bacillus (in: firmicutes),not applicable,2016-05-03,"USA: Mendota, CA",Microbe sample from Bacillus sp. MRMR6,neighborhoods\WP_483295242_1.fasta,Underwater soil,,,,,False,True
Metabacillus,Metabacillus arenae,WP_191158009.1,WP_191158009.1,2,Metabacillus arenae,TOMM precursor leader peptide-binding protein,False,RefSeq,Metabacillus arenae,IB182487,GCF_014773385.1,NZ_JACXAI010000009.1,SAMN16094715,Metabacillus arenae,Bacillota,Bacilli,Caryophanales,Bacillaceae,Metabacillus,cellular organisms; Bacteria; Bacillati; Bacillota; Bacilli; Caryophanales; Bacillaceae; Metabacillus,,2018-03-11,China: Sansha,Microbe sample from Metabacillus arenae,neighborhoods\WP_191158009_1.fasta,coastal soil,,,,,True,True
Bacillus,Bacillus norwichensis,WP_191815135.1,WP_191815135.1,2,Bacillus norwichensis,TOMM precursor leader peptide-binding protein,False,RefSeq,Bacillus norwichensis,Sa1BUA2,GCF_014836955.1,NZ_JACSPV010000040.1,SAMN15803237,Bacillus norwichensis,Bacillota,Bacilli,Caryophanales,Bacillaceae,Bacillus,cellular organisms; Bacteria; Bacillati; Bacillota; Bacilli; Caryophanales; Bacillaceae; Bacillus,Gallus gallus,2020-02-04,United Kingdom: Norwich,Bnor-Sa1BUA2,neighborhoods\WP_191815135_1.fasta,,,,,,True,True
Cytobacillus,Cytobacillus purgationiresistens,MDQ0268595.1,MDQ0268595.1,2,Cytobacillus purgationiresistens,ribosomal protein S12 methylthiotransferase accessory factor,False,GenBank/INSDC,Cytobacillus purgationiresistens,DSM 23494,GCA_030813235.1,JAUSUB010000001.1,SAMN18243427,Cytobacillus purgationiresistens,Bacillota,Bacilli,Caryophanales,Bacillaceae,Cytobacillus,cellular organisms; Bacteria; Bacillati; Bacillota; Bacilli; Caryophanales; Bacillaceae; Cytobacillus,not applicable,missing,missing,Cytobacillus purgationiresistens DSM 23494,neighborhoods\MDQ0268595_1.fasta,missing,missing,missing,missing,missing,True,True
Cytobacillus,Cytobacillus firmus,WP_264737799.1,WP_264737799.1,1,Cytobacillus firmus,TOMM precursor leader peptide-binding protein,False,RefSeq,Cytobacillus firmus,TNAU1,GCF_025971825.1,NZ_JAPDNM010000002.1,SAMN31507763,Cytobacillus firmus,Bacillota,Bacilli,Caryophanales,Bacillaceae,Cytobacillus,cellular organisms; Bacteria; Bacillati; Bacillota; Bacilli; Caryophanales; Bacillaceae; Cytobacillus,Cucumis sativus,2019-07-17,India,MIGS Cultured Bacterial/Archaeal sample from Cytobacillus firmus,neighborhoods\WP_264737799_1.fasta,,10.971254 N 76.865341 E,estuarine biome,plant Rizhosphere,"Plains nearer to western ghats, Tamil Nadu",True,True
Paenibacillus,Paenibacillus sp. P5_B5,WP_477555794.1,WP_477555794.1,1,Paenibacillus sp. P5_B5,TOMM precursor leader peptide-binding protein,False,RefSeq,Paenibacillus sp. P5_B5,P5_B5,GCF_056400365.1,NZ_JBFULK010000015.1,SAMN42779407,Paenibacillus sp. P5_B5,Bacillota,Bacilli,Caryophanales,Paenibacillaceae,Paenibacillus,cellular organisms; Bacteria; Bacillati; Bacillota; Bacilli; Caryophanales; Paenibacillaceae; Paenibacillus; unclassified Paenibacillus,Hordeum vulgare Golden Promise,2019-03-26,Denmark: Askov,Microbe sample from Paenibacillus sp. P5_B5,neighborhoods\WP_477555794_1.fasta,root,55.27576 N 9.07012 E,,,,False,True
Lederbergia,Lederbergia citri,WP_213126922.1,WP_213126922.1,2,Lederbergia citri,TOMM precursor leader peptide-binding protein,False,RefSeq,Lederbergia citri,FJAT-49780,GCF_018343625.1,NZ_JAGYPG010000005.1,SAMN19008746,Lederbergia citri,Bacillota,Bacilli,Caryophanales,Bacillaceae,Lederbergia,cellular organisms; Bacteria; Bacillati; Bacillota; Bacilli; Caryophanales; Bacillaceae; Lederbergia,citrus,2018-08-15,China:Zhangzhou,Microbe sample from Lederbergia citri,neighborhoods\WP_213126922_1.fasta,rhizosphere soil,,,,,True,True
Pseudalkalibacillus,Pseudalkalibacillus sp. NRS-1564,WP_430241152.1,WP_430241152.1,2,Pseudalkalibacillus sp. NRS-1564,TOMM precursor leader peptide-binding protein,False,RefSeq,Pseudalkalibacillus sp. NRS-1564,NRS-1564,GCF_050467905.1,NZ_JBITPM010000002.1,SAMN41009651,Pseudalkalibacillus sp. NRS-1564,Bacillota,Bacilli,Caryophanales,Fictibacillaceae,Pseudalkalibacillus,cellular organisms; Bacteria; Bacillati; Bacillota; Bacilli; Caryophanales; Fictibacillaceae; Pseudalkalibacillus; unclassified Pseudalkalibacillus,,1976-10-08,not collected,Microbe sample from Pseudalkalibacillus sp. NRS-1564,neighborhoods\WP_430241152_1.fasta,salt marsh,,,,,False,True
Cytobacillus,Cytobacillus firmus,WP_404354919.1,WP_404354919.1,2,Cytobacillus firmus,TOMM precursor leader peptide-binding protein,False,RefSeq,Cytobacillus firmus,WLG-456,GCF_044793645.1,NZ_CP084990.1,SAMN22138154,Cytobacillus firmus,Bacillota,Bacilli,Caryophanales,Bacillaceae,Cytobacillus,cellular organisms; Bacteria; Bacillati; Bacillota; Bacilli; Caryophanales; Bacillaceae; Cytobacillus,,2020-09-27,China:Xinjiang,MIGS Cultured Bacterial/Archaeal sample from Cytobacillus firmus,neighborhoods\WP_404354919_1.fasta,,47.3 N 87.61 E,saline lake,lake sediment,lake shore,True,True
Sporosarcina,Sporosarcina koreensis,WP_060206736.1,WP_060206736.1,1,Sporosarcina koreensis,TOMM precursor leader peptide-binding protein,False,RefSeq,Sporosarcina koreensis,Q1,GCF_001531445.1,NZ_LQYA01000064.1,SAMN04383605,Sporosarcina koreensis,Bacillota,Bacilli,Caryophanales,Caryophanaceae,Sporosarcina,cellular organisms; Bacteria; Bacillati; Bacillota; Bacilli; Caryophanales; Caryophanaceae; Sporosarcina,,2013-04,Qatar,MIGS Cultured Bacterial/Archaeal sample from Sporosarcina koreensis,neighborhoods\WP_060206736_1.fasta,Sand from a barchan sand dune,25.00945 N 51.34049000 E,desert,sand,dune,True,True
Bacillus,Bacillus sp. SLBN-46,WP_309866557.1,WP_309866557.1,2,Bacillus sp. SLBN-46,TOMM precursor leader peptide-binding protein,False,RefSeq,Bacillus sp. SLBN-46,SLBN-46,GCF_031453555.1,NZ_JAVIZM010000001.1,SAMN34353133,Bacillus sp. SLBN-46,Bacillota,Bacilli,Caryophanales,Bacillaceae,Bacillus,cellular organisms; Bacteria; Bacillati; Bacillota; Bacilli; Caryophanales; Bacillaceae; Bacillus; unclassified Bacillus (in: firmicutes),not applicable,missing,USA: California,Bacillus sp. SLBN-46,neighborhoods\WP_309866557_1.fasta,missing,38.5376 N 121.7644 W,missing,missing,missing,False,True
Bacillus,Bacillus kandeliae,WP_338753039.1,WP_338753039.1,2,Bacillus kandeliae,TOMM precursor leader peptide-binding protein,False,RefSeq,Bacillus kandeliae,FJAT-52991,GCF_037201805.1,NZ_CP147404.1,SAMN39644993,Bacillus kandeliae,Bacillota,Bacilli,Caryophanales,Bacillaceae,Bacillus,cellular organisms; Bacteria; Bacillati; Bacillota; Bacilli; Caryophanales; Bacillaceae; Bacillus,sediment,2019-08-30,China: Fujian,Microbe sample from Bacillus kandeliae,neighborhoods\WP_338753039_1.fasta,marine sediment,,,,,True,True
Brevibacillus,Brevibacillus aydinogluensis,WP_304415071.1,WP_304415071.1,3,Brevibacillus aydinogluensis,TOMM precursor leader peptide-binding protein,False,RefSeq,Brevibacillus aydinogluensis,4475,GCF_961514395.1,NZ_OY569118.1,SAMEA114217806,Brevibacillus aydinogluensis,Bacillota,Bacilli,Caryophanales,Paenibacillaceae,Brevibacillus,cellular organisms; Bacteria; Bacillati; Bacillota; Bacilli; Caryophanales; Paenibacillaceae; Brevibacillus,Homo sapiens,2022-07-22,Bulgaria,Brevibacillus_4475,neighborhoods\WP_304415071_1.fasta,human blood,43.225887 N 27.936721 E,,,,True,True
Priestia,Priestia aryabhattai,WP_209149902.1,WP_209149902.1,2,Priestia aryabhattai,TOMM precursor leader peptide-binding protein,False,RefSeq,Priestia aryabhattai,LAD,GCF_017743055.1,NZ_CP072473.1,SAMN18437199,Priestia aryabhattai,Bacillota,Bacilli,Caryophanales,Bacillaceae,Priestia,cellular organisms; Bacteria; Bacillati; Bacillota; Bacilli; Caryophanales; Bacillaceae; Priestia,,2020-08-17,China:Shenyang,Microbe sample from Priestia aryabhattai,neighborhoods\WP_209149902_1.fasta,soil,,,,,True,True
Cytobacillus,Cytobacillus sp. Bva_UNVM-123,WP_409972123.1,WP_409972123.1,2,Cytobacillus sp. Bva_UNVM-123,TOMM precursor leader peptide-binding protein,False,RefSeq,Cytobacillus sp. Bva_UNVM-123,123,GCF_046351715.2,NZ_CM177772.1,SAMN18815149,Cytobacillus sp. Bva_UNVM-123,Bacillota,Bacilli,Caryophanales,Bacillaceae,Cytobacillus,cellular organisms; Bacteria; Bacillati; Bacillota; Bacilli; Caryophanales; Bacillaceae; Cytobacillus; unclassified Cytobacillus,,2016-10,Argentina,Microbe sample from Cytobacillus sp. Bva_UNVM-123,neighborhoods\WP_409972123_1.fasta,soil,,,,,False,True
Paenibacillus,Paenibacillus filicis,WP_341419750.1,WP_341419750.1,1,Paenibacillus filicis,TOMM precursor leader peptide-binding protein,False,RefSeq,Paenibacillus filicis,KACC14197,GCF_038070315.1,NZ_JBBPCC010000033.1,SAMN40636482,Paenibacillus filicis,Bacillota,Bacilli,Caryophanales,Paenibacillaceae,Paenibacillus,cellular organisms; Bacteria; Bacillati; Bacillota; Bacilli; Caryophanales; Paenibacillaceae; Paenibacillus,,not collected,South Korea,MIGS Cultured Bacterial/Archaeal sample from Paenibacillus filicis,neighborhoods\WP_341419750_1.fasta,,36.37 N 127.44 E,soil,soil,soil,True,True
Oceanobacillus,Oceanobacillus luteolus,WP_379596765.1,WP_379596765.1,2,Oceanobacillus luteolus,TOMM precursor leader peptide-binding protein,False,RefSeq,Oceanobacillus luteolus,CGMCC 1.12406,GCF_042678205.1,NZ_JBHUDE010000035.1,SAMN43282690,Oceanobacillus luteolus,Bacillota,Bacilli,Caryophanales,Bacillaceae,Oceanobacillus,cellular organisms; Bacteria; Bacillati; Bacillota; Bacilli; Caryophanales; Bacillaceae; Oceanobacillus,,2022,missing,Microbe sample from Oceanobacillus luteolus,neighborhoods\WP_379596765_1.fasta,missing,,,,,True,True
Cytobacillus,Cytobacillus sp. NCCP-133,WP_264806830.1,WP_264806830.1,2,Cytobacillus sp. NCCP-133,TOMM precursor leader peptide-binding protein,False,RefSeq,Cytobacillus sp. NCCP-133,NCCP-133,GCF_026011715.1,NZ_BRVM01000023.1,SAMD00513742,Cytobacillus sp. NCCP-133,Bacillota,Bacilli,Caryophanales,Bacillaceae,Cytobacillus,cellular organisms; Bacteria; Bacillati; Bacillota; Bacilli; Caryophanales; Bacillaceae; Cytobacillus; unclassified Cytobacillus,,2009-11-11,"Pakistan:Islamabad, Sector I-9, Wastewater Treatment Pond","Cytobacillus sp. NCCP-133 isolated from sewage sludge sample collected from pond of waste water treatment plant at Islamabad, Pakistan",neighborhoods\WP_264806830_1.fasta,sewage sludge,33.6509 N 73.0533 E,Wastewater sewage sludge,sewage sludge,Wastewater treatment pond,False,True
Bacillus,Bacillus sp. F19,USK33104.1,USK33104.1,1,Bacillus sp. F19,TOMM precursor leader peptide-binding protein,False,GenBank/INSDC,Bacillus sp. F19,F19,GCA_023823795.1,CP085710.1,SAMN22304398,Bacillus sp. F19,Bacillota,Bacilli,Caryophanales,Bacillaceae,Bacillus,cellular organisms; Bacteria; Bacillati; Bacillota; Bacilli; Caryophanales; Bacillaceae; Bacillus; unclassified Bacillus (in: firmicutes),,2016-10,China,Microbe sample from Bacillus sp. F19,neighborhoods\USK33104_1.fasta,soil,,,,,False,True
Guptibacillus,Guptibacillus hwajinpoensis,WP_427408972.1,WP_427408972.1,2,Guptibacillus hwajinpoensis,TOMM precursor leader peptide-binding protein,False,RefSeq,Guptibacillus hwajinpoensis,NPDC079112,GCF_050267845.1,NZ_JBNNFR010000004.1,SAMN46054466,Guptibacillus hwajinpoensis,Bacillota,Bacilli,Caryophanales,Guptibacillaceae,Guptibacillus,cellular organisms; Bacteria; Bacillati; Bacillota; Bacilli; Caryophanales; Guptibacillaceae; Guptibacillus,,not applicable,not applicable,MIGS Cultured Bacterial/Archaeal sample from Guptibacillus hwajinpoensis,neighborhoods\WP_427408972_1.fasta,,not applicable,not applicable,not applicable,not applicable,True,True
Priestia,Priestia iocasae,WP_205186330.1,WP_205186330.1,4,Priestia iocasae,TOMM precursor leader peptide-binding protein,False,RefSeq,Priestia iocasae,DSM 104297,GCF_016909075.1,NZ_JAFBFC010000003.1,SAMN17620032,Priestia iocasae,Bacillota,Bacilli,Caryophanales,Bacillaceae,Priestia,cellular organisms; Bacteria; Bacillati; Bacillota; Bacilli; Caryophanales; Bacillaceae; Priestia,not applicable,missing,missing,Bacillus iocasae DSM 104297,neighborhoods\WP_205186330_1.fasta,missing,missing,missing,missing,missing,True,True
Rossellomorea,Rossellomorea pakistanensis,WP_205174600.1,WP_205174600.1,2,Rossellomorea pakistanensis,TOMM precursor leader peptide-binding protein,False,RefSeq,Rossellomorea pakistanensis,DSM 24834,GCF_016908495.1,NZ_JAFBDZ010000004.1,SAMN17620005,Rossellomorea pakistanensis,Bacillota,Bacilli,Caryophanales,Bacillaceae,Rossellomorea,cellular organisms; Bacteria; Bacillati; Bacillota; Bacilli; Caryophanales; Bacillaceae; Rossellomorea,not applicable,missing,missing,Bacillus pakistanensis DSM 24834,neighborhoods\WP_205174600_1.fasta,missing,missing,missing,missing,missing,True,True
Paenibacillus,Paenibacillus cymbidii,WP_135555307.1,WP_135555307.1,1,Paenibacillus cymbidii,TOMM precursor leader peptide-binding protein,False,RefSeq,Paenibacillus cymbidii,R196,GCF_004764705.1,NZ_SHLX01000024.1,SAMN10941523,Paenibacillus cymbidii,Bacillota,Bacilli,Caryophanales,Paenibacillaceae,Paenibacillus,cellular organisms; Bacteria; Bacillati; Bacillota; Bacilli; Caryophanales; Paenibacillaceae; Paenibacillus,Cymbidium goeringii,2008-11,China: Beijing,Paenibacillus sp. R196 isolated from Cymbidium goeringii roots,neighborhoods\WP_135555307_1.fasta,roots,,,,,True,True
Paenibacillus,Paenibacillus sp. F024,WP_488980864.1,WP_488980864.1,2,Paenibacillus sp. F024,TOMM precursor leader peptide-binding protein,False,RefSeq,Paenibacillus sp. F024,F024,GCF_057814255.1,NZ_JBVASZ010000037.1,SAMN55333256,Paenibacillus sp. F024,Bacillota,Bacilli,Caryophanales,Paenibacillaceae,Paenibacillus,cellular organisms; Bacteria; Bacillati; Bacillota; Bacilli; Caryophanales; Paenibacillaceae; Paenibacillus; unclassified Paenibacillus,Arabidopsis thaliana,2020,Switzerland: Bern,F024,neighborhoods\WP_488980864_1.fasta,roots,,,,,False,True
Bacillus,Bacillus benzoevorans,WP_184525239.1,WP_184525239.1,2,Bacillus benzoevorans,TOMM precursor leader peptide-binding protein,False,RefSeq,Bacillus benzoevorans,DSM 5391,GCF_014207535.1,NZ_JACHGK010000005.1,SAMN14908537,Bacillus benzoevorans,Bacillota,Bacilli,Caryophanales,Bacillaceae,Bacillus,cellular organisms; Bacteria; Bacillati; Bacillota; Bacilli; Caryophanales; Bacillaceae; Bacillus,not applicable,missing,missing,Bacillus benzoevorans DSM 5391,neighborhoods\WP_184525239_1.fasta,missing,missing,missing,missing,missing,True,True
Paenibacillus,Paenibacillus sp. OSY-SE,WP_019419012.1,WP_019419012.1,1,Paenibacillus sp. OSY-SE,TOMM precursor leader peptide-binding protein,False,RefSeq,Paenibacillus sp. OSY-SE,OSY-SE,GCF_000283315.1,NZ_ALKF01000115.1,SAMN02471152,Paenibacillus sp. OSY-SE,Bacillota,Bacilli,Caryophanales,Paenibacillaceae,Paenibacillus,cellular organisms; Bacteria; Bacillati; Bacillota; Bacilli; Caryophanales; Paenibacillaceae; Paenibacillus; unclassified Paenibacillus,,2011-03,"USA: Columbus, OH",Sample from Paenibacillus sp. OSY-SE,neighborhoods\WP_019419012_1.fasta,soil,,,,,False,True
Bacillus,Bacillus sp. SD088,WP_207450710.1,WP_207450710.1,2,Bacillus sp. SD088,TOMM precursor leader peptide-binding protein,False,RefSeq,Bacillus sp. SD088,SD088,GCF_017355205.1,NZ_JADIJK010000011.1,SAMN16555347,Bacillus sp. SD088,Bacillota,Bacilli,Caryophanales,Bacillaceae,Bacillus,cellular organisms; Bacteria; Bacillati; Bacillota; Bacilli; Caryophanales; Bacillaceae; Bacillus; unclassified Bacillus (in: firmicutes),,2015,"USA: Wind Cave National Park, South Dakota",MIGS Cultured Bacterial/Archaeal sample from Bacillus sp. SD088,neighborhoods\WP_207450710_1.fasta,,43.57 N 103.44 W,[ENVO:00000067]|[ENVO:00012408],[ENVO:00005792],[ENVO:00012408],False,True
Bacillus,Bacillus sp. UMB0893,WP_101569076.1,WP_101569076.1,2,Bacillus sp. UMB0893,TOMM precursor leader peptide-binding protein,False,RefSeq,Bacillus sp. UMB0893,UMB0893,GCF_002858905.1,NZ_PKLB01000010.1,SAMN08193646,Bacillus sp. UMB0893,Bacillota,Bacilli,Caryophanales,Bacillaceae,Bacillus,cellular organisms; Bacteria; Bacillati; Bacillota; Bacilli; Caryophanales; Bacillaceae; Bacillus; unclassified Bacillus (in: firmicutes),Homo sapiens,2015,"USA: Maywood, IL",MIGS Cultured Bacterial/Archaeal sample from Bacillus sp. UMB0893,neighborhoods\WP_101569076_1.fasta,,not applicable,not applicable,not applicable,not applicable,False,True
Bacillus,Bacillus sp. MUM 116,WP_071355272.1,WP_071355272.1,2,Bacillus sp. MUM 116,TOMM precursor leader peptide-binding protein,False,RefSeq,Bacillus sp. MUM 116,MUM 116,GCF_001866655.1,NZ_MLYR01000029.1,SAMN05915830,Bacillus sp. MUM 116,Bacillota,Bacilli,Caryophanales,Bacillaceae,Bacillus,cellular organisms; Bacteria; Bacillati; Bacillota; Bacilli; Caryophanales; Bacillaceae; Bacillus; unclassified Bacillus (in: firmicutes),,2015-01,Malaysia,Microbe sample from Bacillus sp. MUM 116,neighborhoods\WP_071355272_1.fasta,mangrove,,,,,False,True
Nonomuraea,Nonomuraea sp. NPDC049309,WP_393202637.1,WP_393202637.1,2,Nonomuraea sp. NPDC049309,TOMM precursor leader peptide-binding protein,False,RefSeq,Nonomuraea sp. NPDC049309,NPDC049309,GCF_043196965.1,NZ_JBICSH010000003.1,SAMN43996309,Nonomuraea sp. NPDC049309,Actinomycetota,Actinomycetes,Streptosporangiales,Streptosporangiaceae,Nonomuraea,cellular organisms; Bacteria; Bacillati; Actinomycetota; Actinomycetes; Streptosporangiales; Streptosporangiaceae; Nonomuraea; unclassified Nonomuraea,,not applicable,not applicable,MIGS Cultured Bacterial/Archaeal sample from Nonomuraea sp. NPDC049309,neighborhoods\WP_393202637_1.fasta,,not applicable,not applicable,not applicable,not applicable,False,True
Lentibacillus,Lentibacillus daqui,WP_269411479.1,WP_269411479.1,1,Lentibacillus daqui,TOMM precursor leader peptide-binding protein,False,RefSeq,Lentibacillus daqui,ZS110521,GCF_027186265.1,NZ_CP114176.1,SAMN25084784,Lentibacillus daqui,Bacillota,Bacilli,Caryophanales,Bacillaceae,Lentibacillus,cellular organisms; Bacteria; Bacillati; Bacillota; Bacilli; Caryophanales; Bacillaceae; Lentibacillus,Jiuqu,2021-05-01,China:Maotai town,Microbe sample from Lentibacillus daqui,neighborhoods\WP_269411479_1.fasta,High-temperature daqu,,,,,True,True
Halalkalibacter,Halalkalibacter kiskunsagensis,WP_335963767.1,WP_335963767.1,2,Halalkalibacter kiskunsagensis,TOMM precursor leader peptide-binding protein,False,RefSeq,Halalkalibacter kiskunsagensis,DSM 29791,GCF_037027555.1,NZ_JAXBLX010000062.1,SAMN38340054,Halalkalibacter kiskunsagensis,Bacillota,Bacilli,Caryophanales,Bacillaceae,Halalkalibacter,cellular organisms; Bacteria; Bacillati; Bacillota; Bacilli; Caryophanales; Bacillaceae; Halalkalibacter,,2013-09,Hungary: National Park,Microbe sample from Halalkalibacter kiskunsagensis,neighborhoods\WP_335963767_1.fasta,soil,,,,,True,True
Neobacillus,Neobacillus sp. PS3-12,WP_308173812.1,WP_308173812.1,2,Neobacillus sp. PS3-12,TOMM precursor leader peptide-binding protein,False,RefSeq,Neobacillus sp. PS3-12,PS3-12,GCF_030915385.1,NZ_CP133268.1,SAMN36999280,Neobacillus sp. PS3-12,Bacillota,Bacilli,Caryophanales,Bacillaceae,Neobacillus,cellular organisms; Bacteria; Bacillati; Bacillota; Bacilli; Caryophanales; Bacillaceae; Neobacillus; unclassified Neobacillus,,2021-12-29,South Korea: Iksan,MIGS Cultured Bacterial/Archaeal sample from Neobacillus sp. PS3-12,neighborhoods\WP_308173812_1.fasta,,35.55 N 126.58 E,agricultural field,clay soil,rice paddy field,False,True
Brevibacillus,Brevibacillus nigriterrae,WP_425653140.1,WP_425653140.1,2,Brevibacillus nigriterrae,TOMM precursor leader peptide-binding protein,False,RefSeq,Brevibacillus nigriterrae,SYSU BS000544,GCF_049846925.1,NZ_JBNCMT010000032.1,SAMN47922242,Brevibacillus nigriterrae,Bacillota,Bacilli,Caryophanales,Paenibacillaceae,Brevibacillus,cellular organisms; Bacteria; Bacillati; Bacillota; Bacilli; Caryophanales; Paenibacillaceae; Brevibacillus,,2022-08-15,China:Heilongjiang province,Microbe sample from Brevibacillus nigriterrae,neighborhoods\WP_425653140_1.fasta,black soil,,,,,True,True
Alkalihalobacillus,Alkalihalobacillus sp. TS-13,WP_221568249.1,WP_221568249.1,1,Alkalihalobacillus sp. TS-13,TOMM precursor leader peptide-binding protein,False,RefSeq,Alkalihalobacillus sp. TS-13,TS-13,GCF_019720915.1,NZ_JAHKSI010000002.1,SAMN19581942,Alkalihalobacillus sp. TS-13,Bacillota,Bacilli,Caryophanales,Bacillaceae,Alkalihalobacillus,cellular organisms; Bacteria; Bacillati; Bacillota; Bacilli; Caryophanales; Bacillaceae; Alkalihalobacillus; unclassified Alkalihalobacillus,,2020-10,China,Microbe sample from Alkalihalobacillus sp. TS-13,neighborhoods\WP_221568249_1.fasta,soil,,,,,False,True
Brevibacillus,Brevibacillus fluminis,WP_122917628.1,WP_122917628.1,2,Brevibacillus fluminis,TOMM precursor leader peptide-binding protein,False,RefSeq,Brevibacillus fluminis,JCM 15716,GCF_003710825.1,NZ_RHHQ01000007.1,SAMN10330925,Brevibacillus fluminis,Bacillota,Bacilli,Caryophanales,Paenibacillaceae,Brevibacillus,cellular organisms; Bacteria; Bacillati; Bacillota; Bacilli; Caryophanales; Paenibacillaceae; Brevibacillus,,2010,South Korea,Microbe sample from Brevibacillus fluminis,neighborhoods\WP_122917628_1.fasta,sediment,,,,,True,True
Halobacillus,Halobacillus sp. AWM4_238,WP_474962257.1,WP_474962257.1,2,Halobacillus sp. AWM4_238,TOMM precursor leader peptide-binding protein,False,RefSeq,Halobacillus sp. AWM4_238,AWM4_238,GCF_056158265.1,NZ_JBSWSY010000002.1,SAMN51862052,Halobacillus sp. AWM4_238,Bacillota,Bacilli,Caryophanales,Bacillaceae,Halobacillus,cellular organisms; Bacteria; Bacillati; Bacillota; Bacilli; Caryophanales; Bacillaceae; Halobacillus; unclassified Halobacillus,,2023-10-31,"USA: Atlantic ocean at Key West, Florida",Microbe sample from Halobacillus sp. AWM4_238,neighborhoods\WP_474962257_1.fasta,Marine,,,,,False,True
Siminovitchia,Siminovitchia fortis,WP_144463642.1,WP_144463642.1,9,Siminovitchia fortis,TOMM precursor leader peptide-binding protein,False,RefSeq,Siminovitchia fortis,DE0583,GCF_007671835.1,NZ_VDTW01000083.1,SAMN11792743,Siminovitchia fortis,Bacillota,Bacilli,Caryophanales,Bacillaceae,Siminovitchia,cellular organisms; Bacteria; Bacillati; Bacillota; Bacilli; Caryophanales; Bacillaceae; Siminovitchia,not applicable,2018-09-01,"USA: North Carolina, Durham",Microbe sample from Siminovitchia fortis,neighborhoods\WP_144463642_1.fasta,environmental,,,,,True,True
Bacillus,Bacillus haimaensis,WP_417899701.1,WP_417899701.1,2,Bacillus haimaensis,TOMM precursor leader peptide-binding protein,False,RefSeq,Bacillus haimaensis,CSS-39,GCF_048270625.1,NZ_CP158164.1,SAMN41724761,Bacillus haimaensis,Bacillota,Bacilli,Caryophanales,Bacillaceae,Bacillus,cellular organisms; Bacteria; Bacillati; Bacillota; Bacilli; Caryophanales; Bacillaceae; Bacillus,,2019-07-19,China: South China Sea,MIGS Cultured Bacterial/Archaeal sample from Bacillus haimaensis,neighborhoods\WP_417899701_1.fasta,,16.73 N 110.475 E,marine benthic biome [ENVO:01000024],marine sediment [ENVO:03000033],marine environmental zone [ENVO:01001201],True,True
Halobacillus,Halobacillus rhizosphaerae,WP_411789310.1,WP_411789310.1,2,Halobacillus rhizosphaerae,TOMM precursor leader peptide-binding protein,False,RefSeq,Halobacillus rhizosphaerae,T66,GCF_046719735.1,NZ_JAUTWQ010000009.1,SAMN36759154,Halobacillus rhizosphaerae,Bacillota,Bacilli,Caryophanales,Bacillaceae,Halobacillus,cellular organisms; Bacteria; Bacillati; Bacillota; Bacilli; Caryophanales; Bacillaceae; Halobacillus,,2022-09-24,"China: Southwest of Jiangshan Peninsula, Fangchenggang City",MIGS Cultured Bacterial/Archaeal sample from Halobacillus rhizosphaerae,neighborhoods\WP_411789310_1.fasta,,21.30 N 108.13 E,mangrove biome [ENVO:01000181],soil [ENVO:00001998],shoreline [ENVO:00000486],True,True
Peribacillus,Peribacillus alkalitolerans,WP_163099783.1,WP_163099783.1,1,Peribacillus alkalitolerans,TOMM precursor leader peptide-binding protein,False,RefSeq,Peribacillus alkalitolerans,KCTC 33631,GCF_010882125.1,NZ_JAAGVZ010000002.1,SAMN14069739,Peribacillus alkalitolerans,Bacillota,Bacilli,Caryophanales,Bacillaceae,Peribacillus,cellular organisms; Bacteria; Bacillati; Bacillota; Bacilli; Caryophanales; Bacillaceae; Peribacillus,,2014-05-01,not applicable,Microbe sample from Bacillus alkalitolerans,neighborhoods\WP_163099783_1.fasta,Hydrothermal vent,,,,,True,True
Siminovitchia,Siminovitchia sediminis,WP_380772463.1,WP_380772463.1,2,Siminovitchia sediminis,TOMM precursor leader peptide-binding protein,False,RefSeq,Siminovitchia sediminis,CGMCC 1.12412,GCF_042680885.1,NZ_JBHUEO010000005.1,SAMN43282649,Siminovitchia sediminis,Bacillota,Bacilli,Caryophanales,Bacillaceae,Siminovitchia,cellular organisms; Bacteria; Bacillati; Bacillota; Bacilli; Caryophanales; Bacillaceae; Siminovitchia,,2022,missing,Microbe sample from Siminovitchia sediminis,neighborhoods\WP_380772463_1.fasta,missing,,,,,True,True
Neobacillus,Neobacillus niacini,WP_411257161.1,WP_411257161.1,2,Neobacillus niacini,TOMM precursor leader peptide-binding protein,False,RefSeq,Neobacillus niacini,TATVAM-FAB75,GCF_046591715.1,NZ_JAWVNQ010000022.1,SAMN38138687,Neobacillus niacini,Bacillota,Bacilli,Caryophanales,Bacillaceae,Neobacillus,cellular organisms; Bacteria; Bacillati; Bacillota; Bacilli; Caryophanales; Bacillaceae; Neobacillus,Ovis aries,2022-04-08,India,Neobacillus niacini TATVAM-FAB75,neighborhoods\WP_411257161_1.fasta,,26.2485 N 72.9976 E,Rumen assciated,Rumen,Intestine,True,True
Alkalihalobacillus,Alkalihalobacillus sp. BA299,WP_209123616.1,WP_209123616.1,1,Alkalihalobacillus sp. BA299,TOMM precursor leader peptide-binding protein,False,RefSeq,Alkalihalobacillus sp. BA299,BA299,GCF_017745675.1,NZ_JAFLJM010000009.1,SAMN18117467,Alkalihalobacillus sp. BA299,Bacillota,Bacilli,Caryophanales,Bacillaceae,Alkalihalobacillus,cellular organisms; Bacteria; Bacillati; Bacillota; Bacilli; Caryophanales; Bacillaceae; Alkalihalobacillus; unclassified Alkalihalobacillus,,2004-08-15,South Korea: Taean,Microbe sample from Alkalihalobacillus sp. BA299,neighborhoods\WP_209123616_1.fasta,salt field,,,,,False,True
Neobacillus,Neobacillus dielmonensis,WP_042461349.1,WP_042461349.1,1,Neobacillus dielmonensis,TOMM precursor leader peptide-binding protein,False,RefSeq,Neobacillus dielmonensis,FF4,GCF_000612665.1,NZ_HG942074.1,SAMEA3138970,Neobacillus dielmonensis,Bacillota,Bacilli,Caryophanales,Bacillaceae,Neobacillus,cellular organisms; Bacteria; Bacillati; Bacillota; Bacilli; Caryophanales; Bacillaceae; Neobacillus,,,,GCA_000612665,neighborhoods\WP_042461349_1.fasta,,,,,,True,True
Peribacillus,Peribacillus psychrosaccharolyticus,WP_201648119.1,WP_201648119.1,6,Peribacillus psychrosaccharolyticus,TOMM precursor leader peptide-binding protein,False,RefSeq,Peribacillus psychrosaccharolyticus,FDAARGOS_1161,GCF_016724865.1,NZ_CP068053.1,SAMN16357330,Peribacillus psychrosaccharolyticus,Bacillota,Bacilli,Caryophanales,Bacillaceae,Peribacillus,cellular organisms; Bacteria; Bacillati; Bacillota; Bacilli; Caryophanales; Bacillaceae; Peribacillus,missing,missing,USA:MD,Pathogen: clinical or host-associated sample from Peribacillus psychrosaccharolyticus,neighborhoods\WP_201648119_1.fasta,missing,not applicable,,,,True,True
unclassified,unclassified Paenibacillus,WP_072327887.1,WP_072327887.1,4,Paenibacillus sp. UNCCL117; Paenibacillus sp. cl123,TOMM precursor leader peptide-binding protein,False,RefSeq,Paenibacillus sp. cl123,CL123,GCF_900101595.1,NZ_FMYY01000001.1,SAMN04488602,Paenibacillus sp. cl123,Bacillota,Bacilli,Caryophanales,Paenibacillaceae,Paenibacillus,cellular organisms; Bacteria; Bacillati; Bacillota; Bacilli; Caryophanales; Paenibacillaceae; Paenibacillus; unclassified Paenibacillus,,not collected,missing,Paenibacillus sp. CL123,neighborhoods\WP_072327887_1.fasta,,missing,missing,missing,missing,False,False
Parageobacillus,Parageobacillus sp. VR-IP,WP_175245556.1,WP_175245556.1,2,Parageobacillus sp. VR-IP,TOMM precursor leader peptide-binding protein,False,RefSeq,Parageobacillus sp. VR-IP,VR-IP,GCF_013357975.1,NZ_JABVYQ010000009.1,SAMN15143704,Parageobacillus sp. VR-IP,Bacillota,Bacilli,Caryophanales,Anoxybacillaceae,Parageobacillus,cellular organisms; Bacteria; Bacillati; Bacillota; Bacilli; Caryophanales; Anoxybacillaceae; Parageobacillus; unclassified Parageobacillus,,2019-01-15,India: Chandigarh,Microbe sample from Parageobacillus sp. VR-IP,neighborhoods\WP_175245556_1.fasta,iron particles from steam vent,,,,,False,True
Bacillus,Bacillus oleivorans,WP_097160670.1,WP_097160670.1,3,Bacillus oleivorans,TOMM precursor leader peptide-binding protein,False,RefSeq,Bacillus oleivorans,JC228,GCF_900207585.1,NZ_OAOP01000014.1,SAMN05877753,Bacillus oleivorans,Bacillota,Bacilli,Caryophanales,Bacillaceae,Bacillus,cellular organisms; Bacteria; Bacillati; Bacillota; Bacilli; Caryophanales; Bacillaceae; Bacillus,not applicable,missing,missing,Bacillus sp. JC228,neighborhoods\WP_097160670_1.fasta,missing,missing,missing,missing,missing,True,True
Metabacillus,Metabacillus endolithicus,WP_379053633.1,WP_379053633.1,2,Metabacillus endolithicus,TOMM precursor leader peptide-binding protein,False,RefSeq,Metabacillus endolithicus,KCTC 33579,GCF_042682245.1,NZ_JBHUIK010000009.1,SAMN43282523,Metabacillus endolithicus,Bacillota,Bacilli,Caryophanales,Bacillaceae,Metabacillus,cellular organisms; Bacteria; Bacillati; Bacillota; Bacilli; Caryophanales; Bacillaceae; Metabacillus,,2022,missing,Microbe sample from Metabacillus endolithicus,neighborhoods\WP_379053633_1.fasta,missing,,,,,True,True
Bacillus,Bacillus songklensis,WP_377915070.1,WP_377915070.1,2,Bacillus songklensis,TOMM precursor leader peptide-binding protein,False,RefSeq,Bacillus songklensis,CCUG 61889,GCF_042649685.1,NZ_JBHRZT010000044.1,SAMN43282027,Bacillus songklensis,Bacillota,Bacilli,Caryophanales,Bacillaceae,Bacillus,cellular organisms; Bacteria; Bacillati; Bacillota; Bacilli; Caryophanales; Bacillaceae; Bacillus,,2021,missing,Microbe sample from Bacillus songklensis,neighborhoods\WP_377915070_1.fasta,missing,,,,,True,True
Pseudalkalibacillus,Pseudalkalibacillus sp. A8,WP_408009875.1,WP_408009875.1,2,Pseudalkalibacillus sp. A8,TOMM precursor leader peptide-binding protein,False,RefSeq,Pseudalkalibacillus sp. A8,A8,GCF_045920555.1,NZ_CP174509.1,SAMN45024209,Pseudalkalibacillus sp. A8,Bacillota,Bacilli,Caryophanales,Fictibacillaceae,Pseudalkalibacillus,cellular organisms; Bacteria; Bacillati; Bacillota; Bacilli; Caryophanales; Fictibacillaceae; Pseudalkalibacillus; unclassified Pseudalkalibacillus,Cistanche deserticola,2023-03,China:baiyin,Microbe sample from Pseudalkalibacillus sp. A8,neighborhoods\WP_408009875_1.fasta,plant,,,,,False,True
Neobacillus,Neobacillus solisequens,WP_435556161.1,WP_435556161.1,2,Neobacillus solisequens,TOMM precursor leader peptide-binding protein,False,RefSeq,Neobacillus solisequens,LXY-1,GCF_051233465.1,NZ_JBKFGJ010000021.1,SAMN44693667,Neobacillus solisequens,Bacillota,Bacilli,Caryophanales,Bacillaceae,Neobacillus,cellular organisms; Bacteria; Bacillati; Bacillota; Bacilli; Caryophanales; Bacillaceae; Neobacillus,,2024,China,Microbe sample from Neobacillus solisequens,neighborhoods\WP_435556161_1.fasta,soil,,,,,True,True
Paenalicyclobacillus,Paenalicyclobacillus pomorum,WP_026965462.1,WP_026965462.1,3,Alicyclobacillus pomorum DSM 14955; Paenalicyclobacillus pomorum,TOMM precursor leader peptide-binding protein,False,RefSeq,Alicyclobacillus pomorum DSM 14955,DSM 14955,GCF_000472905.1,NZ_AXAR01000018.1,SAMN02441451,Alicyclobacillus pomorum DSM 14955,Bacillota,Bacilli,Caryophanales,Alicyclobacillaceae,Paenalicyclobacillus,cellular organisms; Bacteria; Bacillati; Bacillota; Bacilli; Caryophanales; Alicyclobacillaceae; Paenalicyclobacillus; Paenalicyclobacillus pomorum,,,Japan,Generic sample from Alicyclobacillus pomorum DSM 14955,neighborhoods\WP_026965462_1.fasta,,,,,,True,False
Bacillus,Bacillus litorisediminis,WP_243355304.1,WP_243355304.1,1,Bacillus litorisediminis,TOMM precursor leader peptide-binding protein,False,RefSeq,Bacillus litorisediminis,FJAT-47835,GCF_022808785.1,NZ_JAKZKU010000018.1,SAMN26329906,Bacillus litorisediminis,Bacillota,Bacilli,Caryophanales,Bacillaceae,Bacillus,cellular organisms; Bacteria; Bacillati; Bacillota; Bacilli; Caryophanales; Bacillaceae; Bacillus,,2022-02-01,China,Microbe sample from Bacillus litorisediminis,neighborhoods\WP_243355304_1.fasta,mangrove sediments,,,,,True,True
Neobacillus,Neobacillus niacini,NYE04466.1,NYE04466.1,1,Neobacillus niacini,thiazole/oxazole-forming peptide maturase SagD family component,False,GenBank/INSDC,Neobacillus niacini,AT2.8,GCA_013409995.1,JACCBX010000002.1,SAMN12794012,Neobacillus driksii,Bacillota,Bacilli,Caryophanales,Bacillaceae,Neobacillus,cellular organisms; Bacteria; Bacillati; Bacillota; Bacilli; Caryophanales; Bacillaceae; Neobacillus,not applicable,missing,missing,Bacillus niacini AT2.8,neighborhoods\NYE04466_1.fasta,missing,missing,missing,missing,missing,True,True
Bacillus,Bacillus sp. FJAT-27445,WP_059173150.1,WP_059173150.1,1,Bacillus sp. FJAT-27445,TOMM precursor leader peptide-binding protein,False,RefSeq,Bacillus sp. FJAT-27445,FJAT-27445,GCF_001510665.1,NZ_LMTI01000005.1,SAMN04102801,Bacillus sp. FJAT-27445,Bacillota,Bacilli,Caryophanales,Bacillaceae,Bacillus,cellular organisms; Bacteria; Bacillati; Bacillota; Bacilli; Caryophanales; Bacillaceae; Bacillus; unclassified Bacillus (in: firmicutes),,2014-12-01,China:Yunnan,Microbe sample from Bacillus sp. FJAT-27445,neighborhoods\WP_059173150_1.fasta,soil,,,,,False,True
Bacillus,Bacillus sp. ISL-47,WP_214722636.1,WP_214722636.1,3,Bacillus sp. ISL-47; Pseudomonas sp. ISL-84,TOMM precursor leader peptide-binding protein,False,RefSeq,Bacillus sp. ISL-47,ISL-47,GCF_018613175.1,NZ_JAGGQS010000002.1,SAMN18299014,Bacillus sp. ISL-47,Bacillota,Bacilli,Caryophanales,Bacillaceae,Bacillus,cellular organisms; Bacteria; Bacillati; Bacillota; Bacilli; Caryophanales; Bacillaceae; Bacillus; unclassified Bacillus (in: firmicutes),,2017-04,"Chile: Atacama Desert, between Atacama Salar and Lajia lagoon",ISL47,neighborhoods\WP_214722636_1.fasta,,23.5043 S 67.6974 W,arid biome[ENVO:01001838],steppe soil[ENVO:00005777]|soil organic matter[ENVO:04000008],slope[ENVO:00002000]|vegetation layer[ENVO:01000355],False,True
Fictibacillus,Fictibacillus sp. UD,WP_394603343.1,WP_394603343.1,2,Fictibacillus sp. UD,TOMM precursor leader peptide-binding protein,False,RefSeq,Fictibacillus sp. UD,UD,GCF_043558025.1,NZ_JARUHH010000002.1,SAMN34041082,Fictibacillus sp. UD,Bacillota,Bacilli,Caryophanales,Fictibacillaceae,Fictibacillus,cellular organisms; Bacteria; Bacillati; Bacillota; Bacilli; Caryophanales; Fictibacillaceae; Fictibacillus; unclassified Fictibacillus,,2013-09-05,India: Chandigarh,Microbe sample from Fictibacillus sp. UD,neighborhoods\WP_394603343_1.fasta,soil,,,,,False,True
Bacillus,Bacillus sp. B15-48,WP_203557025.1,WP_203557025.1,2,Bacillus sp. B15-48,TOMM precursor leader peptide-binding protein,False,RefSeq,Bacillus sp. B15-48,B15-48,GCF_016879755.1,NZ_WOFU01000009.1,SAMN13420636,Bacillus sp. B15-48,Bacillota,Bacilli,Caryophanales,Bacillaceae,Bacillus,cellular organisms; Bacteria; Bacillati; Bacillota; Bacilli; Caryophanales; Bacillaceae; Bacillus; unclassified Bacillus (in: firmicutes),,2013-09-16,Hungary: Kiskunsag National Park,Microbe sample from Bacillus alkalilimosus B15-48,neighborhoods\WP_203557025_1.fasta,lake sediment,,,,,False,True
Peribacillus,Peribacillus psychrosaccharolyticus,WP_475728884.1,WP_475728884.1,1,Peribacillus psychrosaccharolyticus,YcaO-like family protein,False,RefSeq,Peribacillus psychrosaccharolyticus,,GCF_056235415.1,NZ_JBACUV010000140.1,SAMN38005475,Peribacillus psychrosaccharolyticus,Bacillota,Bacilli,Caryophanales,Bacillaceae,Peribacillus,cellular organisms; Bacteria; Bacillati; Bacillota; Bacilli; Caryophanales; Bacillaceae; Peribacillus,Tibetan Horse,2019-09-18,China: Ngari,MIMAG Metagenome-assembled Genome sample from Peribacillus psychrosaccharolyticus,neighborhoods\WP_475728884_1.fasta,high altitude fresh fecal sample,31.25 N 80.61 E,Digestive tract enviroment,fecal material,Intestinal,True,True
Peribacillus,Peribacillus tepidiphilus,WP_374720823.1,WP_374720823.1,1,Peribacillus tepidiphilus,TOMM precursor leader peptide-binding protein,False,RefSeq,Peribacillus tepidiphilus,,GCF_041920455.1,NZ_JBHGXY010000019.1,SAMN41454210,Peribacillus tepidiphilus,Bacillota,Bacilli,Caryophanales,Bacillaceae,Peribacillus,cellular organisms; Bacteria; Bacillati; Bacillota; Bacilli; Caryophanales; Bacillaceae; Peribacillus,,2019-06-25,Canada: Alberta,MIMAG Metagenome-assembled Genome sample from Peribacillus tepidiphilus,neighborhoods\WP_374720823_1.fasta,Incubation of oil sands with nitrate and glucose at 50C,56.7083 N 111.3625 W,Terrestrial,hydrocarbon-based environmental material,outcrop,True,True
Paenibacillus,Paenibacillus thailandensis,WP_379269293.1,WP_379269293.1,4,Paenibacillus thailandensis,TOMM precursor leader peptide-binding protein,False,RefSeq,Paenibacillus thailandensis,PCU 275,GCF_042681985.1,NZ_JBHUGT010000031.1,SAMN43282578,Paenibacillus thailandensis,Bacillota,Bacilli,Caryophanales,Paenibacillaceae,Paenibacillus,cellular organisms; Bacteria; Bacillati; Bacillota; Bacilli; Caryophanales; Paenibacillaceae; Paenibacillus,,2021,missing,Microbe sample from Paenibacillus thailandensis,neighborhoods\WP_379269293_1.fasta,missing,,,,,True,True
Bacillota,Bacillota bacterium,MDP4154369.1,MDP4154369.1,1,Bacillota bacterium,TOMM precursor leader peptide-binding protein,False,GenBank/INSDC,Bacillota bacterium,,GCA_030705895.1,JAUZPP010000029.1,SAMN33777502,Bacillota bacterium,Bacillota,,,,,cellular organisms; Bacteria; Bacillati; Bacillota; unclassified Bacillota,,2016-07,"China: AnShun, Guizhou",MIMAG Metagenome-assembled Genome sample from Bacillota bacterium,neighborhoods\MDP4154369_1.fasta,7d patty soil,26.05 N 105.77 E,paddy soil,straw,paddy soil,False,True
Cytobacillus,Cytobacillus sp.,WP_370222952.1,WP_370222952.1,2,Cytobacillus sp.,TOMM precursor leader peptide-binding protein,False,RefSeq,Cytobacillus sp.,,GCF_964223445.1,NZ_CAXQGS010000059.1,SAMEA115927005,Cytobacillus sp.,Bacillota,Bacilli,Caryophanales,Bacillaceae,Cytobacillus,cellular organisms; Bacteria; Bacillati; Bacillota; Bacilli; Caryophanales; Bacillaceae; Cytobacillus; unclassified Cytobacillus,,2022-08-01,China,3um_A1Z0714_2.38,neighborhoods\WP_370222952_1.fasta,seawater,,aquatic biome,estuarine biome,,False,True
Metabacillus,Metabacillus sediminilitoris,WP_136351696.1,WP_136351696.1,4,Metabacillus sediminilitoris,TOMM precursor leader peptide-binding protein,False,RefSeq,Metabacillus sediminilitoris,DSL-17,GCF_009720625.1,NZ_CP046266.1,SAMN13336233,Metabacillus sediminilitoris,Bacillota,Bacilli,Caryophanales,Bacillaceae,Metabacillus,cellular organisms; Bacteria; Bacillati; Bacillota; Bacilli; Caryophanales; Bacillaceae; Metabacillus,,2018-02-28,China: the East China Sea,Microbe sample from Metabacillus sediminilitoris,neighborhoods\WP_136351696_1.fasta,sediment,,,,,True,True
Bacillus,Bacillus sp. JJ1533,WP_335395742.1,WP_335395742.1,2,Bacillus sp. JJ1533,TOMM precursor leader peptide-binding protein,False,RefSeq,Bacillus sp. JJ1533,JJ1533,GCF_036965045.1,NZ_JBALOV010000014.1,SAMN40001861,Bacillus sp. JJ1533,Bacillota,Bacilli,Caryophanales,Bacillaceae,Bacillus,cellular organisms; Bacteria; Bacillati; Bacillota; Bacilli; Caryophanales; Bacillaceae; Bacillus; unclassified Bacillus (in: firmicutes),corn,2014,USA: Ohio,Microbe sample from Bacillus sp. JJ1533,neighborhoods\WP_335395742_1.fasta,emissingophyte,,,,,False,True
Paenibacillus,Paenibacillus sp. 32O-W,WP_144932641.1,WP_144932641.1,1,Paenibacillus sp. 32O-W,TOMM precursor leader peptide-binding protein,False,RefSeq,Paenibacillus sp. 32O-W,DE0098,GCF_007679495.1,NZ_VEGP01000003.1,SAMN11792258,Paenibacillus sp. 32O-W,Bacillota,Bacilli,Caryophanales,Paenibacillaceae,Paenibacillus,cellular organisms; Bacteria; Bacillati; Bacillota; Bacilli; Caryophanales; Paenibacillaceae; Paenibacillus; unclassified Paenibacillus,not applicable,2018-09-01,"USA: North Carolina, Durham",Microbe sample from Paenibacillus sp. 32O-W,neighborhoods\WP_144932641_1.fasta,environmental,,,,,False,True
Mesobacillus,Mesobacillus subterraneus,WP_251483494.1,WP_251483494.1,4,Mesobacillus subterraneus,TOMM precursor leader peptide-binding protein,False,RefSeq,Mesobacillus subterraneus,TA 170,GCF_023715255.1,NZ_JAMBNT010000009.1,SAMN28071816,Mesobacillus subterraneus,Bacillota,Bacilli,Caryophanales,Bacillaceae,Mesobacillus,cellular organisms; Bacteria; Bacillati; Bacillota; Bacilli; Caryophanales; Bacillaceae; Mesobacillus,,2013-07-18,USA,Microbe sample from Mesobacillus subterraneus,neighborhoods\WP_251483494_1.fasta,spacecraft surface,,,,,True,True
Polycladomyces,Polycladomyces abyssicola,WP_212774699.1,WP_212774699.1,2,Polycladomyces abyssicola,TOMM precursor leader peptide-binding protein,False,RefSeq,Polycladomyces abyssicola,JIR-001,GCF_018326425.1,NZ_AP024601.1,SAMD00292782,Polycladomyces abyssicola,Bacillota,Bacilli,Caryophanales,Thermoactinomycetaceae,Polycladomyces,cellular organisms; Bacteria; Bacillati; Bacillota; Bacilli; Caryophanales; Thermoactinomycetaceae; Polycladomyces,,2006-08-18,Japan,Whole genome sequence of Polycladomyces abyssicola JIR-001,neighborhoods\WP_212774699_1.fasta,,41.1000 N 142.1200 E,deepsea biome,sediment,hemipelagic ocean,True,True
Bacillus,Bacillus chungangensis,WP_307228611.1,WP_307228611.1,4,Bacillus chungangensis,TOMM precursor leader peptide-binding protein,False,RefSeq,Bacillus chungangensis,DSM 23837,GCF_030812995.1,NZ_JAUSTT010000009.1,SAMN18243079,Bacillus chungangensis,Bacillota,Bacilli,Caryophanales,Bacillaceae,Bacillus,cellular organisms; Bacteria; Bacillati; Bacillota; Bacilli; Caryophanales; Bacillaceae; Bacillus,not applicable,missing,missing,Bacillus chungangensis DSM 23837,neighborhoods\WP_307228611_1.fasta,missing,missing,missing,missing,missing,True,True
Bacillus,Bacillus sp. JJ1562,WP_335704340.1,WP_335704340.1,2,Bacillus sp. JJ1562,TOMM precursor leader peptide-binding protein,False,RefSeq,Bacillus sp. JJ1562,JJ1562,GCF_036962705.1,NZ_JBALOQ010000022.1,SAMN40001866,Bacillus sp. JJ1562,Bacillota,Bacilli,Caryophanales,Bacillaceae,Bacillus,cellular organisms; Bacteria; Bacillati; Bacillota; Bacilli; Caryophanales; Bacillaceae; Bacillus; unclassified Bacillus (in: firmicutes),corn,2014,USA: Ohio,Microbe sample from Bacillus sp. JJ1562,neighborhoods\WP_335704340_1.fasta,emissingophyte,,,,,False,True
Fictibacillus,Fictibacillus sp. EA-CB0309,WP_473724875.1,WP_473724875.1,2,Fictibacillus sp. EA-CB0309,TOMM precursor leader peptide-binding protein,False,RefSeq,Fictibacillus sp. EA-CB0309,EA-CB0309,GCF_055814265.1,NZ_CP169271.1,SAMN43323263,Fictibacillus sp. EA-CB0309,Bacillota,Bacilli,Caryophanales,Fictibacillaceae,Fictibacillus,cellular organisms; Bacteria; Bacillati; Bacillota; Bacilli; Caryophanales; Fictibacillaceae; Fictibacillus; unclassified Fictibacillus,Musa sp. (Plantain cv. Hartn),2009-10-19,Colombia: Uraba,Fictibacillus sp. EA-CB0309,neighborhoods\WP_473724875_1.fasta,Experimental Field Augura Colombia,,,,,False,True
Paenibacillus,Paenibacillus elgii,WP_063179227.1,WP_063179227.1,2,Paenibacillus elgii,TOMM precursor leader peptide-binding protein,False,RefSeq,Paenibacillus elgii,M63,GCF_001619725.1,NZ_LQRA01000044.1,SAMN04390166,Paenibacillus elgii,Bacillota,Bacilli,Caryophanales,Paenibacillaceae,Paenibacillus,cellular organisms; Bacteria; Bacillati; Bacillota; Bacilli; Caryophanales; Paenibacillaceae; Paenibacillus,,2011-10,Malaysia: Perak,Microbe sample from Paenibacillus elgii,neighborhoods\WP_063179227_1.fasta,Ulu Slim Hot Spring,,,,,True,True
Pseudoneobacillus,Pseudoneobacillus rhizosphaerae,CAG9607584.1,CAG9607584.1,2,Pseudoneobacillus rhizosphaerae,hypothetical protein,True,GenBank/INSDC,Pseudoneobacillus rhizosphaerae,CIP 111885,GCA_917563885.1,CAKJTG010000006.1,SAMEA9995351,Pseudoneobacillus rhizosphaerae,Bacillota,Bacilli,Caryophanales,Bacillaceae,Pseudoneobacillus,cellular organisms; Bacteria; Bacillati; Bacillota; Bacilli; Caryophanales; Bacillaceae; Pseudoneobacillus,,,,Whole genome sequencing of Neobacillus sp. JJ-79 = CIP111885,neighborhoods\CAG9607584_1.fasta,,,,,,True,True
unclassified,unclassified Mesobacillus,WP_475096464.1,WP_475096464.1,4,Mesobacillus sp. ABV4_180; Mesobacillus sp. ABV4_183,TOMM precursor leader peptide-binding protein,False,RefSeq,Mesobacillus sp. ABV4_180,ABV4_180,GCF_056158485.1,NZ_JBSWTJ010000001.1,SAMN51862041,Mesobacillus sp. ABV4_180,Bacillota,Bacilli,Caryophanales,Bacillaceae,Mesobacillus,cellular organisms; Bacteria; Bacillati; Bacillota; Bacilli; Caryophanales; Bacillaceae; Mesobacillus; unclassified Mesobacillus,,2023-07-26,"USA: Atlantic ocean at Key West, Florida",Microbe sample from Mesobacillus sp. ABV4_180,neighborhoods\WP_475096464_1.fasta,Marine,,,,,False,False
Neobacillus,Neobacillus sp. FSL H8-0543,WP_342431230.1,WP_342431230.1,2,Neobacillus sp. FSL H8-0543,TOMM precursor leader peptide-binding protein,False,RefSeq,Neobacillus sp. FSL H8-0543,FSL H8-0543,GCF_038592905.1,NZ_CP151943.1,SAMN29228824,Neobacillus sp. FSL H8-0543,Bacillota,Bacilli,Caryophanales,Bacillaceae,Neobacillus,cellular organisms; Bacteria; Bacillati; Bacillota; Bacilli; Caryophanales; Bacillaceae; Neobacillus; unclassified Neobacillus,not applicable,not collected,not applicable,WGS of Bacilli,neighborhoods\WP_342431230_1.fasta,soil,,,,,False,True
Neobacillus,Neobacillus sp. NPDC093182,WP_402622449.1,WP_402622449.1,2,Neobacillus sp. NPDC093182,TOMM precursor leader peptide-binding protein,False,RefSeq,Neobacillus sp. NPDC093182,NPDC093182,GCF_044754045.1,NZ_JBIVOI010000010.1,SAMN43997899,Neobacillus sp. NPDC093182,Bacillota,Bacilli,Caryophanales,Bacillaceae,Neobacillus,cellular organisms; Bacteria; Bacillati; Bacillota; Bacilli; Caryophanales; Bacillaceae; Neobacillus; unclassified Neobacillus,,not applicable,not applicable,MIGS Cultured Bacterial/Archaeal sample from Neobacillus sp. NPDC093182,neighborhoods\WP_402622449_1.fasta,,not applicable,not applicable,not applicable,not applicable,False,True
Brevibacillus,Brevibacillus sp. SYP-B805,WP_165207533.1,WP_165207533.1,2,Brevibacillus sp. SYP-B805,TOMM precursor leader peptide-binding protein,False,RefSeq,Brevibacillus sp. SYP-B805,SYP-B805,GCF_011059135.1,NZ_JAALGD010000001.1,SAMN14086215,Brevibacillus sp. SYP-B805,Bacillota,Bacilli,Caryophanales,Paenibacillaceae,Brevibacillus,cellular organisms; Bacteria; Bacillati; Bacillota; Bacilli; Caryophanales; Paenibacillaceae; Brevibacillus; unclassified Brevibacillus,,2013-11-08,China: Yunnan Province,Microbe sample from Brevibacillus sp. SYP-B805,neighborhoods\WP_165207533_1.fasta,rhizospheric soil of Panax notogensing,,,,,False,True
Paludifilum,Paludifilum halophilum,OYD06880.1,OYD06880.1,2,Paludifilum halophilum,bacteriocin biosynthesis protein SagD,False,GenBank/INSDC,Paludifilum halophilum,DSM 102817,GCA_002245355.1,NOWF01000008.1,SAMN07411558,Paludifilum halophilum,Bacillota,Bacilli,Caryophanales,Thermoactinomycetaceae,Paludifilum,cellular organisms; Bacteria; Bacillati; Bacillota; Bacilli; Caryophanales; Thermoactinomycetaceae; Paludifilum,,2017-01-15,Tunisia: Sfax,Microbe sample from Paludifilum halophilum,neighborhoods\OYD06880_1.fasta,superficial sediment of a solar saltern,34.45 N 10.45 E,,,,True,True
Bacillus,Bacillus sp. FJAT-29790,WP_217038403.1,WP_217038403.1,2,Bacillus sp. FJAT-29790,TOMM precursor leader peptide-binding protein,False,RefSeq,Bacillus sp. FJAT-29790,FJAT-29790,GCF_019039215.1,NZ_JAHNZZ010000001.1,SAMN05687774,Bacillus sp. FJAT-29790,Bacillota,Bacilli,Caryophanales,Bacillaceae,Bacillus,cellular organisms; Bacteria; Bacillati; Bacillota; Bacilli; Caryophanales; Bacillaceae; Bacillus; unclassified Bacillus (in: firmicutes),,2014-12-01,China:Fujian,Microbe sample from Bacillus sp. FJAT-29790,neighborhoods\WP_217038403_1.fasta,root,,,,,False,True
Bacillus,Bacillus sp. FSL P2-0235,WP_341071942.1,WP_341071942.1,1,Bacillus sp. FSL P2-0235,TOMM precursor leader peptide-binding protein,False,RefSeq,Bacillus sp. FSL P2-0235,FSL P2-0235,GCF_038008515.1,NZ_JBBOZG010000001.1,SAMN30693200,Bacillus sp. FSL P2-0235,Bacillota,Bacilli,Caryophanales,Bacillaceae,Bacillus,cellular organisms; Bacteria; Bacillati; Bacillota; Bacilli; Caryophanales; Bacillaceae; Bacillus; unclassified Bacillus (in: firmicutes),not applicable,not collected,not applicable,WGS of Bacilli,neighborhoods\WP_341071942_1.fasta,dairy,,,,,False,True
Fictibacillus,Fictibacillus halophilus,WP_198767423.1,WP_198767423.1,3,Fictibacillus halophilus,TOMM precursor leader peptide-binding protein,False,RefSeq,Fictibacillus halophilus,KCTC 33758,GCF_016401385.1,NZ_JAEACF010000001.1,SAMN16951510,Fictibacillus halophilus,Bacillota,Bacilli,Caryophanales,Fictibacillaceae,Fictibacillus,cellular organisms; Bacteria; Bacillati; Bacillota; Bacilli; Caryophanales; Fictibacillaceae; Fictibacillus,,2016-06-10,India,Microbe sample from Fictibacillus halophilus,neighborhoods\WP_198767423_1.fasta,Hot spring microbial mat,,,,,True,True
Bacillus,Bacillus sp. REN3,WP_210366632.1,WP_210366632.1,1,Bacillus sp. REN3,TOMM precursor leader peptide-binding protein,False,RefSeq,Bacillus sp. REN3,REN3,GCF_017912555.1,NZ_JAERSD010000015.1,SAMN17277740,Bacillus sp. REN3,Bacillota,Bacilli,Caryophanales,Bacillaceae,Bacillus,cellular organisms; Bacteria; Bacillati; Bacillota; Bacilli; Caryophanales; Bacillaceae; Bacillus; unclassified Bacillus (in: firmicutes),,2019-04,China: Szechuan,Microbe sample from Bacillus sp. REN3,neighborhoods\WP_210366632_1.fasta,Pit mud of baijiu fermentation,,,,,False,True
Brevibacillus,Brevibacillus sp. B_LB10_24,WP_408108273.1,WP_408108273.1,2,Brevibacillus sp. B_LB10_24,TOMM precursor leader peptide-binding protein,False,RefSeq,Brevibacillus sp. B_LB10_24,B_LB10_24,GCF_046036945.1,NZ_JBJQOQ010000009.1,SAMN44753052,Brevibacillus sp. B_LB10_24,Bacillota,Bacilli,Caryophanales,Paenibacillaceae,Brevibacillus,cellular organisms; Bacteria; Bacillati; Bacillota; Bacilli; Caryophanales; Paenibacillaceae; Brevibacillus; unclassified Brevibacillus,,2022-06-02,China: Xiangxi,Microbe sample from Brevibacillus sp. B_LB10_24,neighborhoods\WP_408108273_1.fasta,isolated from the solid-state fermentation pits of Fuyu-flavor baijiu,,,,,False,True
Priestia,Priestia megaterium,TYR78616.1,TYR78616.1,1,Priestia megaterium,TOMM precursor leader peptide-binding protein,False,GenBank/INSDC,Priestia megaterium,CH447_14T,GCA_008180335.1,VTEF01000010.1,SAMN12612716,Priestia megaterium,Bacillota,Bacilli,Caryophanales,Bacillaceae,Priestia,cellular organisms; Bacteria; Bacillati; Bacillota; Bacilli; Caryophanales; Bacillaceae; Priestia,,missing,"Mexico: desert of Cuatro Cienegas, Coahuila",Microbe sample from Priestia megaterium,neighborhoods\TYR78616_1.fasta,sediment,,,,,True,True
Bacillus,Bacillus salipaludis,WP_133335353.1,WP_133335353.1,2,Bacillus salipaludis,TOMM precursor leader peptide-binding protein,False,RefSeq,Bacillus salipaludis,WN066,GCF_004358205.1,NZ_SMYO01000006.1,SAMN11124436,Bacillus salipaludis,Bacillota,Bacilli,Caryophanales,Bacillaceae,Bacillus,cellular organisms; Bacteria; Bacillati; Bacillota; Bacilli; Caryophanales; Bacillaceae; Bacillus,,2017-06-01,China:Tianjin,Microbe sample from Bacillus salipaludis,neighborhoods\WP_133335353_1.fasta,saline-alkaline soil,,,,,True,True
Peribacillus,Peribacillus asahii,WP_252295250.1,WP_252295250.1,2,Peribacillus asahii,TOMM precursor leader peptide-binding protein,False,RefSeq,Peribacillus asahii,CMF4,GCF_023823935.1,NZ_CP085717.1,SAMN22304405,Peribacillus asahii,Bacillota,Bacilli,Caryophanales,Bacillaceae,Peribacillus,cellular organisms; Bacteria; Bacillati; Bacillota; Bacilli; Caryophanales; Bacillaceae; Peribacillus,,2016-10,China,Microbe sample from Peribacillus asahii,neighborhoods\WP_252295250_1.fasta,soil,,,,,True,True
Neobacillus,Neobacillus ginsengisoli,WP_307409558.1,WP_307409558.1,2,Neobacillus ginsengisoli,TOMM precursor leader peptide-binding protein,False,RefSeq,Neobacillus ginsengisoli,DSM 27594,GCF_030813055.1,NZ_JAUSTW010000005.1,SAMN18242909,Neobacillus ginsengisoli,Bacillota,Bacilli,Caryophanales,Bacillaceae,Neobacillus,cellular organisms; Bacteria; Bacillati; Bacillota; Bacilli; Caryophanales; Bacillaceae; Neobacillus,not applicable,missing,missing,Bacillus ginsengisoli DSM 27594,neighborhoods\WP_307409558_1.fasta,missing,missing,missing,missing,missing,True,True
Paenibacillus,Paenibacillus sp. D2_2,WP_309154692.1,WP_309154692.1,2,Paenibacillus sp. D2_2,TOMM precursor leader peptide-binding protein,False,RefSeq,Paenibacillus sp. D2_2,D2_2,GCF_031199965.1,NZ_CP133605.1,SAMN37187764,Paenibacillus sp. D2_2,Bacillota,Bacilli,Caryophanales,Paenibacillaceae,Paenibacillus,cellular organisms; Bacteria; Bacillati; Bacillota; Bacilli; Caryophanales; Paenibacillaceae; Paenibacillus; unclassified Paenibacillus,,2022-07-04,Malaysia,Microbe sample from Paenibacillus sp. D2_2,neighborhoods\WP_309154692_1.fasta,Peat soil samples,,,,,False,True
Cohnella,Cohnella terricola,WP_144699461.1,WP_144699461.1,2,Cohnella terricola,TOMM precursor leader peptide-binding protein,False,RefSeq,Cohnella terricola,G13,GCF_007786475.1,NZ_VNJJ01000003.1,SAMN12359319,Cohnella terricola,Bacillota,Bacilli,Caryophanales,Paenibacillaceae,Cohnella,cellular organisms; Bacteria; Bacillati; Bacillota; Bacilli; Caryophanales; Paenibacillaceae; Cohnella,,2012-10-30,South Korea: Goduck Mt.,Microbe sample from Cohnella sp. G13,neighborhoods\WP_144699461_1.fasta,soil,,,,,True,True
Cytobacillus,Cytobacillus citreus,WP_213104404.1,WP_213104404.1,2,Cytobacillus citreus,TOMM precursor leader peptide-binding protein,False,RefSeq,Cytobacillus citreus,FJAT-49705,GCF_018343665.1,NZ_JAGYPM010000007.1,SAMN19008740,Cytobacillus citreus,Bacillota,Bacilli,Caryophanales,Bacillaceae,Cytobacillus,cellular organisms; Bacteria; Bacillati; Bacillota; Bacilli; Caryophanales; Bacillaceae; Cytobacillus,citrus,2018-08-15,China:Zhangzhou,Microbe sample from Cytobacillus citreus,neighborhoods\WP_213104404_1.fasta,rhizosphere soil,,,,,True,True
Bacillus,Bacillus sp. JJ1566,WP_335424268.1,WP_335424268.1,2,Bacillus sp. JJ1566,TOMM precursor leader peptide-binding protein,False,RefSeq,Bacillus sp. JJ1566,JJ1566,GCF_036962685.1,NZ_JBALOP010000079.1,SAMN40001867,Bacillus sp. JJ1566,Bacillota,Bacilli,Caryophanales,Bacillaceae,Bacillus,cellular organisms; Bacteria; Bacillati; Bacillota; Bacilli; Caryophanales; Bacillaceae; Bacillus; unclassified Bacillus (in: firmicutes),corn,2014,USA: Ohio,Microbe sample from Bacillus sp. JJ1566,neighborhoods\WP_335424268_1.fasta,emissingophyte,,,,,False,True
Mesobacillus,Mesobacillus sp. QJM3NY_10,WP_475427769.1,WP_475427769.1,2,Mesobacillus sp. QJM3NY_10,TOMM precursor leader peptide-binding protein,False,RefSeq,Mesobacillus sp. QJM3NY_10,QJM3NY_10,GCF_056173465.1,NZ_CM149675.1,SAMN54449761,Mesobacillus sp. QJM3NY_10,Bacillota,Bacilli,Caryophanales,Bacillaceae,Mesobacillus,cellular organisms; Bacteria; Bacillati; Bacillota; Bacilli; Caryophanales; Bacillaceae; Mesobacillus; unclassified Mesobacillus,Zostera marina,2023-06-06,"USA: Califronia, Bodega Bay",MIGS Cultured Bacterial/Archaeal sample from Mesobacillus sp. QJM3NY_10,neighborhoods\WP_475427769_1.fasta,Marine intertidal mudflat,38.333446 N 123.058785 W,intertidal sediment ENVO_00002179,plant-associated environment ENVO_01001001,seagrass bed ENVO:01000059,False,True
Rossellomorea,Rossellomorea aquimaris,WP_113969670.1,WP_113969670.1,2,Rossellomorea aquimaris,TOMM precursor leader peptide-binding protein,False,RefSeq,Rossellomorea aquimaris,97B,GCF_003315075.1,NZ_QNRJ01000006.1,SAMN09062739,Rossellomorea aquimaris,Bacillota,Bacilli,Caryophanales,Bacillaceae,Rossellomorea,cellular organisms; Bacteria; Bacillati; Bacillota; Bacilli; Caryophanales; Bacillaceae; Rossellomorea,not applicable,missing,USA: Pennsylvania,Bacillus aquimaris 97B,neighborhoods\WP_113969670_1.fasta,missing,41.2451 N 76.9855 W,missing,missing,missing,True,True
Brevibacillus,Brevibacillus invocatus,RNB68160.1,RNB68160.1,1,Brevibacillus invocatus,bacteriocin biosynthesis protein SagD,False,GenBank/INSDC,Brevibacillus invocatus,JCM 12215,GCA_003710915.1,RHHR01000046.1,SAMN10330927,Brevibacillus invocatus,Bacillota,Bacilli,Caryophanales,Paenibacillaceae,Brevibacillus,cellular organisms; Bacteria; Bacillati; Bacillota; Bacilli; Caryophanales; Paenibacillaceae; Brevibacillus,,2000,missing,Microbe sample from Brevibacillus invocatus,neighborhoods\RNB68160_1.fasta,contaminant,,,,,True,True
Bacillus,Bacillus sp. EB600,WP_256233886.1,WP_256233886.1,2,Bacillus sp. EB600,TOMM precursor leader peptide-binding protein,False,RefSeq,Bacillus sp. EB600,EB600,GCF_024494385.1,NZ_JAEVLT010000001.1,SAMN17606703,Bacillus sp. EB600,Bacillota,Bacilli,Caryophanales,Bacillaceae,Bacillus,cellular organisms; Bacteria; Bacillati; Bacillota; Bacilli; Caryophanales; Bacillaceae; Bacillus; unclassified Bacillus (in: firmicutes),,2015-08,Germany,Microbe sample from Bacillus sp. EB600,neighborhoods\WP_256233886_1.fasta,compost,,,,,False,True
Mesobacillus,Mesobacillus subterraneus,WP_125478656.1,WP_125478656.1,2,Mesobacillus subterraneus,TOMM precursor leader peptide-binding protein,False,RefSeq,Mesobacillus subterraneus,DSM 13966,GCF_003937825.1,NZ_RSFW01000006.1,SAMN10524998,Mesobacillus subterraneus,Bacillota,Bacilli,Caryophanales,Bacillaceae,Mesobacillus,cellular organisms; Bacteria; Bacillati; Bacillota; Bacilli; Caryophanales; Bacillaceae; Mesobacillus,,2002,Australia,Microbe sample from Mesobacillus subterraneus,neighborhoods\WP_125478656_1.fasta,subsurface waters,,,,,True,True
Neobacillus,Neobacillus oceani,WP_409274892.1,WP_409274892.1,2,Neobacillus oceani,TOMM precursor leader peptide-binding protein,False,RefSeq,Neobacillus oceani,SCS-31,GCF_046237595.1,NZ_CP143543.1,SAMN39489481,Neobacillus oceani,Bacillota,Bacilli,Caryophanales,Bacillaceae,Neobacillus,cellular organisms; Bacteria; Bacillati; Bacillota; Bacilli; Caryophanales; Bacillaceae; Neobacillus,,2021-08-18,China:South China Sea,Microbe sample from Neobacillus oceani,neighborhoods\WP_409274892_1.fasta,marine sediment,,,,,True,True
Paenibacillus,Paenibacillus,WP_251407829.1,WP_251407829.1,4,Paenibacillus lutimineralis; Paenibacillus motobuensis,TOMM precursor leader peptide-binding protein,False,RefSeq,Paenibacillus lutimineralis,MER 36,GCF_023714245.1,NZ_JAMAUP010000001.1,SAMN27921981,Paenibacillus lutimineralis,Bacillota,Bacilli,Caryophanales,Paenibacillaceae,Paenibacillus,cellular organisms; Bacteria; Bacillati; Bacillota; Bacilli; Caryophanales; Paenibacillaceae; Paenibacillus,,2003-04-10,USA,Microbe sample from Paenibacillus lutimineralis,neighborhoods\WP_251407829_1.fasta,Cleanroom,,,,,True,True
Rossellomorea,Rossellomorea arthrocnemi,WP_201714665.1,WP_201714665.1,1,Rossellomorea arthrocnemi,TOMM precursor leader peptide-binding protein,False,RefSeq,Rossellomorea arthrocnemi,EAR8,GCF_904424705.1,NZ_CAJGBF010000006.1,SAMEA7306390,Rossellomorea arthrocnemi,Bacillota,Bacilli,Caryophanales,Bacillaceae,Rossellomorea,cellular organisms; Bacteria; Bacillati; Bacillota; Bacilli; Caryophanales; Bacillaceae; Rossellomorea,,2015,Spain,Bacillus sp. EAR8,neighborhoods\WP_201714665_1.fasta,,,marshes,roots of Arthrocnemum macrostachyum,roots of halophyte plant,True,True
Sporosarcina,Sporosarcina sp. ACRSL,WP_239432773.1,WP_239432773.1,2,Sporosarcina sp. ACRSL,TOMM precursor leader peptide-binding protein,False,RefSeq,Sporosarcina sp. ACRSL,ACRSL,GCF_022346605.1,NZ_JAKRNT010000011.1,SAMN17729941,Sporosarcina sp. ACRSL,Bacillota,Bacilli,Caryophanales,Caryophanaceae,Sporosarcina,cellular organisms; Bacteria; Bacillati; Bacillota; Bacilli; Caryophanales; Caryophanaceae; Sporosarcina; unclassified Sporosarcina,Homo sapiens,2019,USA,Sporosarcina sp. ACRSL,neighborhoods\WP_239432773_1.fasta,skin,38.999838 N 77.106017 W,human skin,not collected,Pc,False,True
Bacillaceae,Bacillaceae bacterium Marseille-Q3522,MBP3040987.1,MBP3040987.1,1,Bacillaceae bacterium Marseille-Q3522,TOMM precursor leader peptide-binding protein,False,GenBank/INSDC,Bacillaceae bacterium Marseille-Q3522,Marseille-Q3522,GCA_017898095.1,JAGKQJ010000150.1,SAMN18603965,Bacillaceae bacterium Marseille-Q3522,Bacillota,Bacilli,Caryophanales,Bacillaceae,,cellular organisms; Bacteria; Bacillati; Bacillota; Bacilli; Caryophanales; Bacillaceae; unclassified Bacillaceae,Homo sapiens,2020-04-10,France: Marseille,MIGS Cultured Bacterial/Archaeal sample from Bacillaceae bacterium Marseille-Q3522,neighborhoods\MBP3040987_1.fasta,,43.28 N 5.4 E,ENVO:01001033,ENVO:00002173,ENVO:00002003,False,True
Paenibacillus,Paenibacillus cellulosilyticus,WP_110044842.1,WP_110044842.1,4,Paenibacillus cellulosilyticus,TOMM precursor leader peptide-binding protein,False,RefSeq,Paenibacillus cellulosilyticus,KACC 14175,GCF_013347265.1,NZ_CP054613.1,SAMN15163174,Paenibacillus cellulosilyticus,Bacillota,Bacilli,Caryophanales,Paenibacillaceae,Paenibacillus,cellular organisms; Bacteria; Bacillati; Bacillota; Bacilli; Caryophanales; Paenibacillaceae; Paenibacillus,,2019-10-04,South Korea,Microbe sample from Paenibacillus cellulosilyticus,neighborhoods\WP_110044842_1.fasta,soil,,,,,True,True
Bacillus,Bacillus sp. NEB1478,WP_310759810.1,WP_310759810.1,2,Bacillus sp. NEB1478,TOMM precursor leader peptide-binding protein,False,RefSeq,Bacillus sp. NEB1478,NEB1478,GCF_031582965.1,NZ_CP134049.1,SAMN37196882,Bacillus sp. NEB1478,Bacillota,Bacilli,Caryophanales,Bacillaceae,Bacillus,cellular organisms; Bacteria; Bacillati; Bacillota; Bacilli; Caryophanales; Bacillaceae; Bacillus; unclassified Bacillus (in: firmicutes),,not applicable,not applicable,Microbe sample from Bacillus sp. NEB1478,neighborhoods\WP_310759810_1.fasta,cell culture,,,,,False,True
Clostridia,Clostridia bacterium,MGE5702986.1,MGE5702986.1,1,Clostridia bacterium,TOMM precursor leader peptide-binding protein,False,GenBank/INSDC,Clostridia bacterium,,GCA_050262535.1,JBLNEJ010000301.1,SAMN44725077,Clostridia bacterium,Bacillota,Clostridia,,,,cellular organisms; Bacteria; Bacillati; Bacillota; Clostridia; unclassified Clostridia,,2019-09-09,China,MIMAG Metagenome-assembled Genome sample from Clostridia bacterium,neighborhoods\MGE5702986_1.fasta,paddy soil,31.64 N 120.74 E,paddy soil,paddy soil,rice paddy soil,False,True
Paenibacillus,Paenibacillus sp. 32O-W,WP_062493101.1,WP_062493101.1,2,Paenibacillus sp. 32O-W,TOMM precursor leader peptide-binding protein,False,RefSeq,Paenibacillus sp. 32O-W,32O-W,GCF_001465275.1,NZ_CP013653.1,SAMN02910217,Paenibacillus sp. 32O-W,Bacillota,Bacilli,Caryophanales,Paenibacillaceae,Paenibacillus,cellular organisms; Bacteria; Bacillati; Bacillota; Bacilli; Caryophanales; Paenibacillaceae; Paenibacillus; unclassified Paenibacillus,,2010-07-20,"USA: Chicago, IL, Near Lake Michigan on the Museum Campus",Microbe sample from Paenibacillus sp. 32O-W,neighborhoods\WP_062493101_1.fasta,soil,41.87 N 87.62 W,urban park land,,,False,True
Bacillus,Bacillus sp. FSL K6-3431,WP_340915254.1,WP_340915254.1,1,Bacillus sp. FSL K6-3431,TOMM precursor leader peptide-binding protein,False,RefSeq,Bacillus sp. FSL K6-3431,FSL K6-3431,GCF_038002605.1,NZ_JBBOCT010000001.1,SAMN25893966,Bacillus sp. FSL K6-3431,Bacillota,Bacilli,Caryophanales,Bacillaceae,Bacillus,cellular organisms; Bacteria; Bacillati; Bacillota; Bacilli; Caryophanales; Bacillaceae; Bacillus; unclassified Bacillus (in: firmicutes),not applicable,not collected,not applicable,WGS of Bacilli,neighborhoods\WP_340915254_1.fasta,Laboratory Heat Treated Raw Milk,,,,,False,True
Cohnella,Cohnella luojiensis,WP_135151542.1,WP_135151542.1,2,Cohnella luojiensis,TOMM precursor leader peptide-binding protein,False,RefSeq,Cohnella luojiensis,CCTCC AB 208254,GCF_004564235.1,NZ_SOMN01000006.1,SAMN11164850,Cohnella luojiensis,Bacillota,Bacilli,Caryophanales,Paenibacillaceae,Cohnella,cellular organisms; Bacteria; Bacillati; Bacillota; Bacilli; Caryophanales; Paenibacillaceae; Cohnella,,2009-07-01,China:Xinjiang,Microbe sample from Cohnella luojiensis,neighborhoods\WP_135151542_1.fasta,soil,,,,,True,True
Peribacillus,Peribacillus asahii,WP_119116690.1,WP_119116690.1,2,Peribacillus asahii,TOMM precursor leader peptide-binding protein,False,RefSeq,Peribacillus asahii,MA001,GCF_003570725.1,NZ_QWVS01000014.1,SAMN09934868,Peribacillus asahii,Bacillota,Bacilli,Caryophanales,Bacillaceae,Peribacillus,cellular organisms; Bacteria; Bacillati; Bacillota; Bacilli; Caryophanales; Bacillaceae; Peribacillus,,2004,Japan: Shizuoka,Microbe sample from Peribacillus asahii,neighborhoods\WP_119116690_1.fasta,soil,,,,,True,True
Bacillus,Bacillus sp. JJ1474,WP_335353722.1,WP_335353722.1,2,Bacillus sp. JJ1474,TOMM precursor leader peptide-binding protein,False,RefSeq,Bacillus sp. JJ1474,JJ1474,GCF_036965225.1,NZ_JBALPC010000043.1,SAMN40001853,Bacillus sp. JJ1474,Bacillota,Bacilli,Caryophanales,Bacillaceae,Bacillus,cellular organisms; Bacteria; Bacillati; Bacillota; Bacilli; Caryophanales; Bacillaceae; Bacillus; unclassified Bacillus (in: firmicutes),corn,2014,USA: Ohio,Microbe sample from Bacillus sp. JJ1474,neighborhoods\WP_335353722_1.fasta,rhizoplane,,,,,False,True
Paenibacillus,Paenibacillus solanacearum,WP_218090145.1,WP_218090145.1,2,Paenibacillus solanacearum,TOMM precursor leader peptide-binding protein,False,RefSeq,Paenibacillus solanacearum,,GCF_910593845.1,NZ_CAJVAS010000001.1,SAMEA8922961,Paenibacillus solanacearum,Bacillota,Bacilli,Caryophanales,Paenibacillaceae,Paenibacillus,cellular organisms; Bacteria; Bacillati; Bacillota; Bacilli; Caryophanales; Paenibacillaceae; Paenibacillus,,,,whole genome sequencing of Paenibacillus solanacearum CIP 111600 = KACC 18654 = NBRC 111896,neighborhoods\WP_218090145_1.fasta,,,,,,True,True
Neobacillus,Neobacillus camarae,WP_462412891.1,WP_462412891.1,1,Neobacillus camarae,TOMM precursor leader peptide-binding protein,False,RefSeq,Neobacillus camarae,Marseille-QA0830,GCF_054950115.1,NZ_JBUCKX010000004.1,SAMN53736989,Neobacillus camarae,Bacillota,Bacilli,Caryophanales,Bacillaceae,Neobacillus,cellular organisms; Bacteria; Bacillati; Bacillota; Bacilli; Caryophanales; Bacillaceae; Neobacillus,Homo sapiens,2024,Senegal,Microbe sample from Neobacillus camarae,neighborhoods\WP_462412891_1.fasta,Breast milk,,,,,True,True
Mesobacillus,Mesobacillus sp.,WP_488594293.1,WP_488594293.1,2,Mesobacillus sp.,TOMM precursor leader peptide-binding protein,False,RefSeq,Mesobacillus sp.,,GCF_057785455.1,NZ_JBYNSB010000020.1,SAMN57243764,Mesobacillus sp.,Bacillota,Bacilli,Caryophanales,Bacillaceae,Mesobacillus,cellular organisms; Bacteria; Bacillati; Bacillota; Bacilli; Caryophanales; Bacillaceae; Mesobacillus; unclassified Mesobacillus,,2021-12-18,"India: Yumesamdong, North Sikkim",MIMAG Metagenome-assembled Genome sample from Mesobacillus sp.,neighborhoods\WP_488594293_1.fasta,New Yumesamdong hot spring sediment,27.91 N 88.69 E,Hot spring,Sediment,Sediment,False,True
Paenibacillus,Paenibacillus lycopersici,WP_162357576.1,WP_162357576.1,2,Paenibacillus lycopersici,TOMM precursor leader peptide-binding protein,False,RefSeq,Paenibacillus lycopersici,12200R-189,GCF_010119935.1,NZ_CP048209.1,SAMN13931081,Paenibacillus lycopersici,Bacillota,Bacilli,Caryophanales,Paenibacillaceae,Paenibacillus,cellular organisms; Bacteria; Bacillati; Bacillota; Bacilli; Caryophanales; Paenibacillaceae; Paenibacillus,,2018-04-24,South Korea: Wanju,Microbe sample from Paenibacillus lycopersici,neighborhoods\WP_162357576_1.fasta,rhizosphere of tomato plants,,,,,True,True
Brevibacillus,Brevibacillus massiliensis,WP_019123411.1,WP_019123411.1,2,Brevibacillus massiliensis,TOMM precursor leader peptide-binding protein,False,RefSeq,Brevibacillus massiliensis,,GCF_902385645.1,NZ_CABMGL010000086.1,SAMEA5851818,Brevibacillus massiliensis,Bacillota,Bacilli,Caryophanales,Paenibacillaceae,Brevibacillus,cellular organisms; Bacteria; Bacillati; Bacillota; Bacilli; Caryophanales; Paenibacillaceae; Brevibacillus,,,not provided,Human gut genome,neighborhoods\WP_019123411_1.fasta,human gut,,human-associated habitat,,human gut,True,True
Fictibacillus,Fictibacillus sp. 5RED26,WP_197130092.1,WP_197130092.1,2,Fictibacillus sp. 5RED26,TOMM precursor leader peptide-binding protein,False,RefSeq,Fictibacillus sp. 5RED26,5RED26,GCF_015903895.1,NZ_JACZDU010000003.1,SAMN15295634,Fictibacillus sp. 5RED26,Bacillota,Bacilli,Caryophanales,Fictibacillaceae,Fictibacillus,cellular organisms; Bacteria; Bacillati; Bacillota; Bacilli; Caryophanales; Fictibacillaceae; Fictibacillus; unclassified Fictibacillus,,2016-05,Belgium,Microbe sample from Fictibacillus sp. 5RED26,neighborhoods\WP_197130092_1.fasta,Freshwater pond,,,,,False,True
Fictibacillus,Fictibacillus nanhaiensis,WP_251322856.1,WP_251322856.1,2,Fictibacillus nanhaiensis,TOMM precursor leader peptide-binding protein,False,RefSeq,Fictibacillus nanhaiensis,MER TA 111,GCF_023715445.1,NZ_JAMBOD010000004.1,SAMN28071806,Fictibacillus nanhaiensis,Bacillota,Bacilli,Caryophanales,Fictibacillaceae,Fictibacillus,cellular organisms; Bacteria; Bacillati; Bacillota; Bacilli; Caryophanales; Fictibacillaceae; Fictibacillus,,2013-07-17,USA,Microbe sample from Fictibacillus nanhaiensis,neighborhoods\WP_251322856_1.fasta,spacecraft surface,,,,,True,True
unclassified,unclassified Paenibacillus,WP_379304933.1,WP_379304933.1,4,Paenibacillus sp. GCM10027628; Paenibacillus sp. M.A.Huq-82,TOMM precursor leader peptide-binding protein,False,RefSeq,Paenibacillus sp. GCM10027628,CGMCC 1.60093,GCF_042676385.1,NZ_JBHTHA010000041.1,SAMN43284469,Paenibacillus sp. GCM10027628,Bacillota,Bacilli,Caryophanales,Paenibacillaceae,Paenibacillus,cellular organisms; Bacteria; Bacillati; Bacillota; Bacilli; Caryophanales; Paenibacillaceae; Paenibacillus; unclassified Paenibacillus,,2023,missing,Microbe sample from Paenibacillus sp. GCM10027628,neighborhoods\WP_379304933_1.fasta,missing,,,,,False,False
Paenibacillus,Paenibacillus sp. GM2,WP_068780233.1,WP_068780233.1,1,Paenibacillus sp. GM2,TOMM precursor leader peptide-binding protein,False,RefSeq,Paenibacillus sp. GM2,GM2,GCF_900069005.2,NZ_LN831279.1,SAMEA3312816,Paenibacillus sp. GM2,Bacillota,Bacilli,Caryophanales,Paenibacillaceae,Paenibacillus,cellular organisms; Bacteria; Bacillati; Bacillota; Bacilli; Caryophanales; Paenibacillaceae; Paenibacillus; unclassified Paenibacillus,,,not provided,Human gut genome,neighborhoods\WP_068780233_1.fasta,human gut,,human-associated habitat,,human gut,False,True
Bacillus,Bacillus sp. JJ1122,WP_335378743.1,WP_335378743.1,2,Bacillus sp. JJ1122,TOMM precursor leader peptide-binding protein,False,RefSeq,Bacillus sp. JJ1122,JJ1122,GCF_036964885.1,NZ_JBALQL010000043.1,SAMN40001808,Bacillus sp. JJ1122,Bacillota,Bacilli,Caryophanales,Bacillaceae,Bacillus,cellular organisms; Bacteria; Bacillati; Bacillota; Bacilli; Caryophanales; Bacillaceae; Bacillus; unclassified Bacillus (in: firmicutes),corn,2014,USA: Illinois,Microbe sample from Bacillus sp. JJ1122,neighborhoods\WP_335378743_1.fasta,emissingophyte,,,,,False,True
Fictibacillus,Fictibacillus sp. 18YEL24,WP_197221039.1,WP_197221039.1,2,Fictibacillus sp. 18YEL24,TOMM precursor leader peptide-binding protein,False,RefSeq,Fictibacillus sp. 18YEL24,18YEL24,GCF_015903855.1,NZ_JACZDT010000001.1,SAMN15295633,Fictibacillus sp. 18YEL24,Bacillota,Bacilli,Caryophanales,Fictibacillaceae,Fictibacillus,cellular organisms; Bacteria; Bacillati; Bacillota; Bacilli; Caryophanales; Fictibacillaceae; Fictibacillus; unclassified Fictibacillus,,2016-05,Belgium,Microbe sample from Fictibacillus sp. 18YEL24,neighborhoods\WP_197221039_1.fasta,Freshwater pond,,,,,False,True
Paenibacillus,Paenibacillus lautus,WP_430165472.1,WP_430165472.1,4,Paenibacillus lautus,TOMM precursor leader peptide-binding protein,False,RefSeq,Paenibacillus lautus,NRS-1282,GCF_050482365.1,NZ_JBCNHU010000008.1,SAMN41009558,Paenibacillus lautus,Bacillota,Bacilli,Caryophanales,Paenibacillaceae,Paenibacillus,cellular organisms; Bacteria; Bacillati; Bacillota; Bacilli; Caryophanales; Paenibacillaceae; Paenibacillus,,1951-09-04,not collected,Microbe sample from Paenibacillus lautus,neighborhoods\WP_430165472_1.fasta,not collected,,,,,True,True
Staphylococcus,Staphylococcus aureus,WP_263974792.1,WP_263974792.1,2,Staphylococcus aureus,YcaO-like family protein,False,RefSeq,Staphylococcus aureus,355,GCF_020388695.1,NZ_CP077887.1,SAMN19550046,Staphylococcus aureus,Bacillota,Bacilli,Caryophanales,Staphylococcaceae,Staphylococcus,cellular organisms; Bacteria; Bacillati; Bacillota; Bacilli; Caryophanales; Staphylococcaceae; Staphylococcus,Homo sapiens,2019-01-17,Germany: Augsburg,MIGS Cultured Bacterial/Archaeal sample from Staphylococcus aureus,neighborhoods\WP_263974792_1.fasta,,48.22 N 10.54 E,Atopic Dermatitis,Skin swab,Nose,True,True
Bacillus,Bacillus cereus,WP_098594832.1,WP_098594832.1,2,Bacillus cereus,TOMM precursor leader peptide-binding protein,False,RefSeq,Bacillus cereus,AFS068308,GCF_002567785.1,NZ_NVBD01000087.1,SAMN07598310,Bacillus cereus,Bacillota,Bacilli,Caryophanales,Bacillaceae,Bacillus,cellular organisms; Bacteria; Bacillati; Bacillota; Bacilli; Caryophanales; Bacillaceae; Bacillus; Bacillus cereus group,,2014-01-14,USA: NC,Microbe sample from Bacillus cereus,neighborhoods\WP_098594832_1.fasta,tree leaf,,,,,True,True
Bacillus,Bacillus massiliigorillae,WP_042347136.1,WP_042347136.1,1,Bacillus massiliigorillae,TOMM precursor leader peptide-binding protein,False,RefSeq,Bacillus massiliigorillae,G2,GCF_000380245.2,NZ_HG428741.1,SAMEA2272460,Bacillus massiliigorillae,Bacillota,Bacilli,Caryophanales,Bacillaceae,Bacillus,cellular organisms; Bacteria; Bacillati; Bacillota; Bacilli; Caryophanales; Bacillaceae; Bacillus,,,,BioSample entry for genome collection GCA_000380245,neighborhoods\WP_042347136_1.fasta,,,,,,True,True
Marinithermofilum,Marinithermofilum abyssi,GGE24238.1,GGE24238.1,2,Marinithermofilum abyssi,hypothetical protein,True,GenBank/INSDC,Marinithermofilum abyssi,CGMCC 1.15179,GCA_014641195.1,BMHQ01000010.1,SAMD00245024,Marinithermofilum abyssi,Bacillota,Bacilli,Caryophanales,Thermoactinomycetaceae,Marinithermofilum,cellular organisms; Bacteria; Bacillati; Bacillota; Bacilli; Caryophanales; Thermoactinomycetaceae; Marinithermofilum,,missing,not applicable,Strain CGMCC 1.15179 of Marinithermofilum abyssi,neighborhoods\GGE24238_1.fasta,,not applicable,not applicable,not applicable,not applicable,True,True
Paenibacillus,Paenibacillus prosopidis,WP_114383179.1,WP_114383179.1,2,Paenibacillus prosopidis,TOMM precursor leader peptide-binding protein,False,RefSeq,Paenibacillus prosopidis,CECT 7506,GCF_003337375.1,NZ_QPJD01000018.1,SAMN09074970,Paenibacillus prosopidis,Bacillota,Bacilli,Caryophanales,Paenibacillaceae,Paenibacillus,cellular organisms; Bacteria; Bacillati; Bacillota; Bacilli; Caryophanales; Paenibacillaceae; Paenibacillus,not applicable,missing,missing,Paenibacillus prosopidis CECT 7506,neighborhoods\WP_114383179_1.fasta,missing,missing,missing,missing,missing,True,True
Ferdinandcohnia,Ferdinandcohnia quinoae,WP_240257101.1,WP_240257101.1,2,Ferdinandcohnia quinoae,TOMM precursor leader peptide-binding protein,False,RefSeq,Ferdinandcohnia quinoae,SECRCQ15,GCF_022427965.1,NZ_JAKTTI010000035.1,SAMN26011952,Ferdinandcohnia quinoae,Bacillota,Bacilli,Caryophanales,Bacillaceae,Ferdinandcohnia,cellular organisms; Bacteria; Bacillati; Bacillota; Bacilli; Caryophanales; Bacillaceae; Ferdinandcohnia,Chenopodium quinoa,2019-10-01,"Spain: Ciudad Rodrigo, Salamanca",Microbe sample from Fredinandcohnia quinoae,neighborhoods\WP_240257101_1.fasta,seeds,,,,,True,True
Bacillus,Bacillus luti,WP_312504953.1,WP_312504953.1,1,Bacillus luti,TOMM precursor leader peptide-binding protein,False,RefSeq,Bacillus luti,,GCF_032008825.1,NZ_DALZKM010000538.1,SAMN29159893,Bacillus luti,Bacillota,Bacilli,Caryophanales,Bacillaceae,Bacillus,cellular organisms; Bacteria; Bacillati; Bacillota; Bacilli; Caryophanales; Bacillaceae; Bacillus; Bacillus cereus group,,2013-07-17,USA,MIMAG Metagenome-assembled Genome sample from Bacillus luti,neighborhoods\WP_312504953_1.fasta,urban,40.55 N 74.15 W,urban,missing,missing,True,True
Bacillus,Bacillus sp. es.036,WP_098442791.1,WP_098442791.1,2,Bacillus sp. es.036,TOMM precursor leader peptide-binding protein,False,RefSeq,Bacillus sp. es.036,es.036,GCF_002563635.1,NZ_PDIZ01000001.1,SAMN04487878,Bacillus sp. es.036,Bacillota,Bacilli,Caryophanales,Bacillaceae,Bacillus,cellular organisms; Bacteria; Bacillati; Bacillota; Bacilli; Caryophanales; Bacillaceae; Bacillus; unclassified Bacillus (in: firmicutes),,not collected,missing,Bacillus sp. ES.036,neighborhoods\WP_098442791_1.fasta,,36.8100 N 121.7900 W,missing,missing,missing,False,True
Luxibacter,Luxibacter massiliensis,WP_122641935.1,WP_122641935.1,1,Luxibacter massiliensis,TOMM precursor leader peptide-binding protein,False,RefSeq,Luxibacter massiliensis,Marseille-P5551,GCF_900604355.1,NZ_UWOE01000001.1,SAMEA4979949,Luxibacter massiliensis,Bacillota,Clostridia,Lachnospirales,Lachnospiraceae,Luxibacter,cellular organisms; Bacteria; Bacillati; Bacillota; Clostridia; Lachnospirales; Lachnospiraceae; Luxibacter,,,,Luxibacter massiliensis genome,neighborhoods\WP_122641935_1.fasta,stool,,,,,True,True
Halalkalibacter,Halalkalibacter sp. AB-rgal2,WP_373648050.1,WP_373648050.1,2,Halalkalibacter sp. AB-rgal2,TOMM precursor leader peptide-binding protein,False,RefSeq,Halalkalibacter sp. AB-rgal2,AB-rgal2,GCF_041821005.1,NZ_JBGUAV010000021.1,SAMN43145798,Halalkalibacter sp. AB-rgal2,Bacillota,Bacilli,Caryophanales,Bacillaceae,Halalkalibacter,cellular organisms; Bacteria; Bacillati; Bacillota; Bacilli; Caryophanales; Bacillaceae; Halalkalibacter; unclassified Halalkalibacter,,2022-07,"Russia: Altai Region, Kulunda Steppe",Microbe sample from Halalkalibacter sp. AB-rgal2,neighborhoods\WP_373648050_1.fasta,Mixed surface oxic sediment and brine sample from hypersaline soda lakes,,,,,False,True
Bacillus,Bacillus sp. (in: firmicutes),MFZ0443857.1,MFZ0443857.1,1,Bacillus sp. (in: firmicutes),TOMM precursor leader peptide-binding protein,False,GenBank/INSDC,Bacillus sp. (in: firmicutes),,GCA_049282255.1,JBAPTS010000077.1,SAMN40007800,Bacillus sp. (in: firmicutes),Bacillota,Bacilli,Caryophanales,Bacillaceae,Bacillus,cellular organisms; Bacteria; Bacillati; Bacillota; Bacilli; Caryophanales; Bacillaceae; Bacillus; unclassified Bacillus (in: firmicutes),,2020-04-20,Denmark,NA,neighborhoods\MFZ0443857_1.fasta,Soil from Natural Coastal,55.59104 N 10.20191 E,Soil,Natural Coastal,Natural Coastal,False,True
Bacillus,Bacillus mycoides,WP_429691016.1,WP_429691016.1,10,Bacillus mycoides,TOMM precursor leader peptide-binding protein,False,RefSeq,Bacillus mycoides,BD-455,GCF_050457985.1,NZ_JBCMKK010000224.1,SAMN41009376,Bacillus mycoides,Bacillota,Bacilli,Caryophanales,Bacillaceae,Bacillus,cellular organisms; Bacteria; Bacillati; Bacillota; Bacilli; Caryophanales; Bacillaceae; Bacillus; Bacillus cereus group,,1972-09-01,Canada: Northern Canada,Microbe sample from Bacillus mycoides,neighborhoods\WP_429691016_1.fasta,soil,,,,,True,True
Bacillus,Bacillus sp. EAC,WP_088044239.1,WP_088044239.1,1,Bacillus sp. EAC,TOMM precursor leader peptide-binding protein,False,RefSeq,Bacillus sp. EAC,EAC,GCF_002156875.1,NZ_NCSY01000012.1,SAMN06692353,Bacillus sp. EAC,Bacillota,Bacilli,Caryophanales,Bacillaceae,Bacillus,cellular organisms; Bacteria; Bacillati; Bacillota; Bacilli; Caryophanales; Bacillaceae; Bacillus; unclassified Bacillus (in: firmicutes),,2016-01,USA: Pennsylvania,Microbe sample from Bacillus sp. EAC,neighborhoods\WP_088044239_1.fasta,Freshwater creek,,freshwater creek,,,False,True
Mesobacillus,Mesobacillus campisalis,WP_046525541.1,WP_046525541.1,2,Mesobacillus campisalis,TOMM precursor leader peptide-binding protein,False,RefSeq,Mesobacillus campisalis,SA2-6,GCF_000986785.1,NZ_LAYY01000034.1,SAMN03454233,Mesobacillus campisalis,Bacillota,Bacilli,Caryophanales,Bacillaceae,Mesobacillus,cellular organisms; Bacteria; Bacillati; Bacillota; Bacilli; Caryophanales; Bacillaceae; Mesobacillus,,2011-09,India: Kanyakumari,Bacillus campisalis (Strain SA2-6) sp.nov. Genome sequencing and assembly,neighborhoods\WP_046525541_1.fasta,solar saltern,,,,,True,True
Neobacillus,Neobacillus piezotolerans,RDU38064.1,RDU38064.1,2,Neobacillus piezotolerans,bacteriocin biosynthesis protein SagD,False,GenBank/INSDC,Neobacillus piezotolerans,YLB-04,GCA_003362805.1,QNQT01000001.1,SAMN09531617,Neobacillus piezotolerans,Bacillota,Bacilli,Caryophanales,Bacillaceae,Neobacillus,cellular organisms; Bacteria; Bacillati; Bacillota; Bacilli; Caryophanales; Bacillaceae; Neobacillus,,2017,Pacific Ocean,Microbe sample from Neobacillus piezotolerans,neighborhoods\RDU38064_1.fasta,deep sea sediment,,,,,True,True
Neobacillus,Neobacillus niacini,WP_420489575.1,WP_420489575.1,1,Neobacillus niacini,TOMM precursor leader peptide-binding protein,False,RefSeq,Neobacillus niacini,JJ1568,GCF_036962645.1,NZ_JBALOO010000100.1,SAMN40001868,Neobacillus niacini,Bacillota,Bacilli,Caryophanales,Bacillaceae,Neobacillus,cellular organisms; Bacteria; Bacillati; Bacillota; Bacilli; Caryophanales; Bacillaceae; Neobacillus,corn,2014,USA: Ohio,Microbe sample from Neobacillus niacini,neighborhoods\WP_420489575_1.fasta,emissingophyte,,,,,True,True
Bacillus,Bacillus mycoides,WP_431184321.1,WP_431184321.1,2,Bacillus mycoides,TOMM precursor leader peptide-binding protein,False,RefSeq,Bacillus mycoides,MV_8,GCF_050629185.1,NZ_JBNTOD010000002.1,SAMN43795153,Bacillus mycoides,Bacillota,Bacilli,Caryophanales,Bacillaceae,Bacillus,cellular organisms; Bacteria; Bacillati; Bacillota; Bacilli; Caryophanales; Bacillaceae; Bacillus; Bacillus cereus group,,2021-01-01,Belgium: Louvain-La-Neuve,Pathogen: environmental/food/other sample from Bacillus mycoides,neighborhoods\WP_431184321_1.fasta,soil,not collected,,,,True,True
Pseudoneobacillus,Pseudoneobacillus rhizolycopersici,MHC0037995.1,MHC0037995.1,2,Pseudoneobacillus rhizolycopersici,TOMM precursor leader peptide-binding protein,False,GenBank/INSDC,Pseudoneobacillus rhizolycopersici,C159,GCA_054786815.1,JBTOOE010000013.1,SAMN54605737,Pseudoneobacillus rhizolycopersici,Bacillota,Bacilli,Caryophanales,Bacillaceae,Pseudoneobacillus,cellular organisms; Bacteria; Bacillati; Bacillota; Bacilli; Caryophanales; Bacillaceae; Pseudoneobacillus,,2021-05-21,"China: Maonan District, Maoming City, Guangdong Province",Microbe sample from Pseudoneobacillus rhizolycopersici,neighborhoods\MHC0037995_1.fasta,tomato rhizosphere soil,,,,,True,True
Neobacillus,Neobacillus niacini,WP_034677067.1,WP_034677067.1,4,Neobacillus niacini; Neobacillus niacini NBRC 15566,TOMM precursor leader peptide-binding protein,False,RefSeq,Neobacillus niacini NBRC 15566,NBRC 15566,GCF_001591505.1,NZ_BCVA01000054.1,SAMD00047001,Neobacillus niacini NBRC 15566,Bacillota,Bacilli,Caryophanales,Bacillaceae,Neobacillus,cellular organisms; Bacteria; Bacillati; Bacillota; Bacilli; Caryophanales; Bacillaceae; Neobacillus; Neobacillus niacini,,missing,missing,Bacillus niacini NBRC 15566,neighborhoods\WP_034677067_1.fasta,,missing,missing,missing,missing,True,True
Desertibacillus,Desertibacillus haloalkaliphilus,MBU8907506.1,MBU8907506.1,2,Desertibacillus haloalkaliphilus,TOMM precursor leader peptide-binding protein,False,GenBank/INSDC,Desertibacillus haloalkaliphilus,KJ1-10-99,GCA_019039105.1,JAHPIV010000010.1,SAMN19104772,Desertibacillus haloalkaliphilus,Bacillota,Bacilli,Caryophanales,Bacillaceae,Desertibacillus,cellular organisms; Bacteria; Bacillati; Bacillota; Bacilli; Caryophanales; Bacillaceae; Desertibacillus,,2012-09-02,"India: Jogad area, Little Rann of Kutch, Gujarat",Microbe sample from Desertibacillus haloalkaliphilus,neighborhoods\MBU8907506_1.fasta,Desert soil,,,,,True,True
Neobacillus,Neobacillus niacini,WP_045516632.1,WP_045516632.1,1,Neobacillus niacini,TOMM precursor leader peptide-binding protein,False,RefSeq,Neobacillus niacini,F8,GCF_000759675.1,NZ_BAWM01000013.1,SAMD00000021,Neobacillus niacini,Bacillota,Bacilli,Caryophanales,Bacillaceae,Neobacillus,cellular organisms; Bacteria; Bacillati; Bacillota; Bacilli; Caryophanales; Bacillaceae; Neobacillus,,2009,Japan:Izu-Ogasawara Trench,MIGS Cultured Bacterial/Archaeal sample from Bacillus niacini,neighborhoods\WP_045516632_1.fasta,,30.117500 N 139.973667 E,deep-sea,soil,deep-sea,True,True
Bacillus,Bacillus cereus,TKI10472.1,TKI10472.1,2,Bacillus cereus,bacteriocin biosynthesis protein SagD,False,GenBank/INSDC,Bacillus cereus,I16,GCA_005217705.1,SZOI01000201.1,SAMN11292302,Bacillus cereus,Bacillota,Bacilli,Caryophanales,Bacillaceae,Bacillus,cellular organisms; Bacteria; Bacillati; Bacillota; Bacilli; Caryophanales; Bacillaceae; Bacillus; Bacillus cereus group,Grass,2017-01-01,Israel: Ramat HaNadiv,"Bacilus Cereus, enviromental isolate I16",neighborhoods\TKI10472_1.fasta,missing,,,,,True,True
Bacillus,Bacillus cytotoxicus,WP_279671336.1,WP_279671336.1,2,Bacillus cytotoxicus,TOMM precursor leader peptide-binding protein,False,RefSeq,Bacillus cytotoxicus,CH_864,GCF_029850325.1,NZ_JALLFZ010000015.1,SAMN26764626,Bacillus cytotoxicus,Bacillota,Bacilli,Caryophanales,Bacillaceae,Bacillus,cellular organisms; Bacteria; Bacillati; Bacillota; Bacilli; Caryophanales; Bacillaceae; Bacillus; Bacillus cereus group,,2022,Switzerland,Microbe sample from Bacillus cytotoxicus,neighborhoods\WP_279671336_1.fasta,potato-based retail food product,,,,,True,True
Bacillus,Bacillus pacificus,MIF0571434.1,MIF0571434.1,2,Bacillus pacificus,TOMM precursor leader peptide-binding protein,False,GenBank/INSDC,Bacillus pacificus,FSL K6-0267,GCA_001583955.2,LOMP02000313.1,SAMN03800022,Bacillus pacificus,Bacillota,Bacilli,Caryophanales,Bacillaceae,Bacillus,cellular organisms; Bacteria; Bacillati; Bacillota; Bacilli; Caryophanales; Bacillaceae; Bacillus; Bacillus cereus group,,2012-07-18,USA: New York,Pathogen: environmental/food/other sample from Bacillus pacificus,neighborhoods\MIF0571434_1.fasta,Laboratory Heat Treated Raw Milk,missing,,,,True,True
Bacillus,Bacillus wiedmannii,WP_098962164.1,WP_098962164.1,3,Bacillus wiedmannii,TOMM precursor leader peptide-binding protein,False,RefSeq,Bacillus wiedmannii,SC129,GCF_047783345.1,NZ_JBLOJC010000003.1,SAMN43273684,Bacillus wiedmannii,Bacillota,Bacilli,Caryophanales,Bacillaceae,Bacillus,cellular organisms; Bacteria; Bacillati; Bacillota; Bacilli; Caryophanales; Bacillaceae; Bacillus; Bacillus cereus group,,2024-01-10,"USA: Siena College campus, Loudonville, New York",SC129,neighborhoods\WP_098962164_1.fasta,,42.7204552 N 73.7533970 W,"area of developed space [ENVO_01001269], temperate biome [ENVO_01001831]",soil [ENVO:00001998],Woodland area [ENVO_00000109],True,True
Paenibacillus,Paenibacillus sp. Soil787,WP_414858904.1,WP_414858904.1,1,Paenibacillus sp. Soil787,TOMM precursor leader peptide-binding protein,False,RefSeq,Paenibacillus sp. Soil787,Soil787,GCF_001429545.1,NZ_LMSP01000047.1,SAMN04155676,Paenibacillus sp. Soil787,Bacillota,Bacilli,Caryophanales,Paenibacillaceae,Paenibacillus,cellular organisms; Bacteria; Bacillati; Bacillota; Bacilli; Caryophanales; Paenibacillaceae; Paenibacillus; unclassified Paenibacillus,Arabidopsis thaliana,2013,Germany:Cologne,MIGS Cultured Bacterial/Archaeal sample from Paenibacillus sp. Soil787,neighborhoods\WP_414858904_1.fasta,,50.958 N 6.856 E,Agricultural soil,soil,greenhouse,False,True
Bacillus,Bacillus sp. FJAT-42376,WP_123913988.1,WP_123913988.1,2,Bacillus sp. FJAT-42376,TOMM precursor leader peptide-binding protein,False,RefSeq,Bacillus sp. FJAT-42376,FJAT-42376,GCF_003816055.1,NZ_CP033906.1,SAMN07249159,Bacillus sp. FJAT-42376,Bacillota,Bacilli,Caryophanales,Bacillaceae,Bacillus,cellular organisms; Bacteria; Bacillati; Bacillota; Bacilli; Caryophanales; Bacillaceae; Bacillus; unclassified Bacillus (in: firmicutes),,2016,China,Microbe sample from Bacillus sp. FJAT-42376,neighborhoods\WP_123913988_1.fasta,soil,,,,,False,True
Neobacillus,Neobacillus sp. DY30,WP_283860343.1,WP_283860343.1,2,Neobacillus sp. DY30,TOMM precursor leader peptide-binding protein,False,RefSeq,Neobacillus sp. DY30,DY30,GCF_030123065.1,NZ_CP126093.1,SAMN34375010,Neobacillus sp. DY30,Bacillota,Bacilli,Caryophanales,Bacillaceae,Neobacillus,cellular organisms; Bacteria; Bacillati; Bacillota; Bacilli; Caryophanales; Bacillaceae; Neobacillus; unclassified Neobacillus,,missing,"China: Dongying, Shangdong Province",Microbe sample from Neobacillus sp. DY30,neighborhoods\WP_283860343_1.fasta,rhizosphere soil,37.69 N 118.85 E,,,,False,True
Bacillus,Bacillus paramycoides,WP_472873237.1,WP_472873237.1,4,Bacillus paramycoides,TOMM precursor leader peptide-binding protein,False,RefSeq,Bacillus paramycoides,PARNA 23/39,GCF_055703005.1,NZ_JBVQCL010000002.1,SAMN55951489,Bacillus paramycoides,Bacillota,Bacilli,Caryophanales,Bacillaceae,Bacillus,cellular organisms; Bacteria; Bacillati; Bacillota; Bacilli; Caryophanales; Bacillaceae; Bacillus; Bacillus cereus group,,2023,Brazil,Microbe sample from Bacillus paramycoides,neighborhoods\WP_472873237_1.fasta,soil,,,,,True,True
Bacillus,Bacillus massilinigeriensis,WP_075980571.1,WP_075980571.1,1,Bacillus massilinigeriensis,TOMM precursor leader peptide-binding protein,False,RefSeq,Bacillus massilinigeriensis,Marseille-P2348T,GCF_900117315.1,NZ_LT630337.1,SAMEA4534506,Bacillus massilinigeriensis,Bacillota,Bacilli,Caryophanales,Bacillaceae,Bacillus,cellular organisms; Bacteria; Bacillati; Bacillota; Bacilli; Caryophanales; Bacillaceae; Bacillus,,,not provided,Human gut genome,neighborhoods\WP_075980571_1.fasta,human gut,,human-associated habitat,,human gut,True,True
Bacillus,Bacillus,WP_095117755.1,WP_095117755.1,37,Bacillus pumilus; Bacillus sp. FSL K6-4563,TOMM precursor leader peptide-binding protein,False,RefSeq,Bacillus pumilus,BIM B-369,GCF_055597785.1,NZ_CM145720.1,SAMN55849006,Bacillus pumilus,Bacillota,Bacilli,Caryophanales,Bacillaceae,Bacillus,cellular organisms; Bacteria; Bacillati; Bacillota; Bacilli; Caryophanales; Bacillaceae; Bacillus,,missing,Belarus: Gomel region,Bacillus pumilus BIM B-369,neighborhoods\WP_095117755_1.fasta,sod-podzolic soil,51.516 N 30.266 E,,,,True,True
Lederbergia,Lederbergia citrea,WP_213106905.1,WP_213106905.1,2,Lederbergia citrea,TOMM precursor leader peptide-binding protein,False,RefSeq,Lederbergia citrea,FJAT-49731,GCF_018343555.1,NZ_JAGYPK010000001.1,SAMN19008742,Lederbergia citrea,Bacillota,Bacilli,Caryophanales,Bacillaceae,Lederbergia,cellular organisms; Bacteria; Bacillati; Bacillota; Bacilli; Caryophanales; Bacillaceae; Lederbergia,citrus,2018-08-15,China:Zhangzhou,Microbe sample from Lederbergia citrea,neighborhoods\WP_213106905_1.fasta,rhizosphere soil,,,,,True,True
[Anoxybacillus,[Anoxybacillus,MBA2872575.1,MBA2872575.1,1,[Anoxybacillus] calidus,thiazole/oxazole-forming peptide maturase SagD family component,False,GenBank/INSDC,[Anoxybacillus] calidus,DSM 25220,GCA_013760845.1,JACDUU010000007.1,SAMN14908436,[Anoxybacillus] calidus,Bacillota,Bacilli,Caryophanales,Anoxybacillaceae,Paranoxybacillus,cellular organisms; Bacteria; Bacillati; Bacillota; Bacilli; Caryophanales; Anoxybacillaceae; Paranoxybacillus,not applicable,missing,missing,Anoxybacillus calidus DSM 25220,neighborhoods\MBA2872575_1.fasta,missing,missing,missing,missing,missing,True,True
Tumebacillus,Tumebacillus amylolyticus,WP_201634335.1,WP_201634335.1,2,Tumebacillus amylolyticus,TOMM precursor leader peptide-binding protein,False,RefSeq,Tumebacillus amylolyticus,ITR2,GCF_016722965.1,NZ_JAEQNB010000002.1,SAMN17224788,Tumebacillus amylolyticus,Bacillota,Bacilli,Caryophanales,Alicyclobacillaceae,Tumebacillus,cellular organisms; Bacteria; Bacillati; Bacillota; Bacilli; Caryophanales; Alicyclobacillaceae; Tumebacillus,,2018-06-03,South Korea: Gyeonggi-do,Microbe sample from Tumebacillus sp. ITR2,neighborhoods\WP_201634335_1.fasta,soil,,,,,True,True
Neobacillus,Neobacillus notoginsengisoli,WP_118919025.1,WP_118919025.1,2,Neobacillus notoginsengisoli,TOMM precursor leader peptide-binding protein,False,RefSeq,Neobacillus notoginsengisoli,JCM 30743,GCF_003515685.1,NZ_QWEG01000001.1,SAMN09901141,Neobacillus notoginsengisoli,Bacillota,Bacilli,Caryophanales,Bacillaceae,Neobacillus,cellular organisms; Bacteria; Bacillati; Bacillota; Bacilli; Caryophanales; Bacillaceae; Neobacillus,,2017,China: Yunnan Province,Microbe sample from Neobacillus notoginsengisoli,neighborhoods\WP_118919025_1.fasta,soil,,,,,True,True
Bacillus,Bacillus velezensis,WP_194222697.1,WP_194222697.1,2,Bacillus velezensis,TOMM precursor leader peptide-binding protein,False,RefSeq,Bacillus velezensis,LF01,GCF_015239615.1,NZ_CP058216.1,SAMN15336677,Bacillus velezensis,Bacillota,Bacilli,Caryophanales,Bacillaceae,Bacillus,cellular organisms; Bacteria; Bacillati; Bacillota; Bacilli; Caryophanales; Bacillaceae; Bacillus; Bacillus subtilis group; Bacillus amyloliquefaciens group,tilapia,2017-08-20,China: Guangzhou city,Microbe sample from Bacillus velezensis,neighborhoods\WP_194222697_1.fasta,,23.04 N 113.13 E,,,,True,True
Bacillus,Bacillus sp. LK7,WP_048368281.1,WP_048368281.1,2,Bacillus sp. LK7,TOMM precursor leader peptide-binding protein,False,RefSeq,Bacillus sp. LK7,LK7,GCF_001043515.1,NZ_LDUN01000024.1,SAMN03392477,Bacillus sp. LK7,Bacillota,Bacilli,Caryophanales,Bacillaceae,Bacillus,cellular organisms; Bacteria; Bacillati; Bacillota; Bacilli; Caryophanales; Bacillaceae; Bacillus; unclassified Bacillus (in: firmicutes),,2010-10-06,Malaysia: Malacca,Microbe sample from Bacillus sp. LK7,neighborhoods\WP_048368281_1.fasta,Plant,,,,,False,True
Bacillus,Bacillus sp. B6(2022),MDG3044769.1,MDG3044769.1,1,Bacillus sp. B6(2022),YcaO-like family protein,False,GenBank/INSDC,Bacillus sp. B6(2022),B6(2022),GCA_029588895.1,JARQWS010000001.1,SAMN31202776,Bacillus sp. B6(2022),Bacillota,Bacilli,Caryophanales,Bacillaceae,Bacillus,cellular organisms; Bacteria; Bacillati; Bacillota; Bacilli; Caryophanales; Bacillaceae; Bacillus; unclassified Bacillus (in: firmicutes),missing,2021-03-01,South Korea: Seoul,Microbe sample from Bacillus sp. B6(2022),neighborhoods\MDG3044769_1.fasta,paddy soil,,,,,False,True
Neobacillus,Neobacillus drentensis,WP_335693847.1,WP_335693847.1,2,Neobacillus drentensis,TOMM precursor leader peptide-binding protein,False,RefSeq,Neobacillus drentensis,JJ208,GCF_036961895.1,NZ_JBALNR010000077.1,SAMN40001899,Neobacillus drentensis,Bacillota,Bacilli,Caryophanales,Bacillaceae,Neobacillus,cellular organisms; Bacteria; Bacillati; Bacillota; Bacilli; Caryophanales; Bacillaceae; Neobacillus,corn,2014,USA: Nebraska,Microbe sample from Neobacillus drentensis,neighborhoods\WP_335693847_1.fasta,emissingophyte,,,,,True,True
Chryseobacillus,Chryseobacillus diguaensis,WP_421652894.1,WP_421652894.1,2,Chryseobacillus diguaensis,TOMM precursor leader peptide-binding protein,False,RefSeq,Chryseobacillus diguaensis,RGM 3146,GCF_049220665.1,NZ_JBMKNV010000011.1,SAMN46920961,Chryseobacillus diguaensis,Bacillota,Bacilli,Caryophanales,Bacillaceae,Chryseobacillus,cellular organisms; Bacteria; Bacillati; Bacillota; Bacilli; Caryophanales; Bacillaceae; Chryseobacillus,,2019-08-28,Chile: Parral,Microbe sample from Chryseobacillus diguaensis,neighborhoods\WP_421652894_1.fasta,soil,36.291400 S 71.535567 W,,,,True,True
Neobacillus,Neobacillus sp. 204,WP_410895171.1,WP_410895171.1,3,Bacillaceae bacterium C204; Neobacillus sp. 204,TOMM precursor leader peptide-binding protein,False,RefSeq,Neobacillus sp. 204,204,GCF_046562815.1,NZ_JBJORY010000011.1,SAMN45084004,Neobacillus sp. 204,Bacillota,Bacilli,Caryophanales,Bacillaceae,Neobacillus,cellular organisms; Bacteria; Bacillati; Bacillota; Bacilli; Caryophanales; Bacillaceae; Neobacillus; unclassified Neobacillus,,2019,Spain: Ciudad Real,MIGS Cultured Bacterial/Archaeal sample from Neobacillus sp. 204,neighborhoods\WP_410895171_1.fasta,,not applicable,biome tip,soil,mercury contaminated soil,False,True
Fictibacillus,Fictibacillus phosphorivorans,WP_251311815.1,WP_251311815.1,3,Fictibacillus phosphorivorans,TOMM precursor leader peptide-binding protein,False,RefSeq,Fictibacillus phosphorivorans,AMY 19.1.2,GCF_023715845.1,NZ_JAMBOR010000006.1,SAMN28071792,Fictibacillus phosphorivorans,Bacillota,Bacilli,Caryophanales,Fictibacillaceae,Fictibacillus,cellular organisms; Bacteria; Bacillati; Bacillota; Bacilli; Caryophanales; Fictibacillaceae; Fictibacillus,,2007-06-05,USA,Microbe sample from Fictibacillus phosphorivorans,neighborhoods\WP_251311815_1.fasta,spacecraft surface,,,,,True,True
Brevibacillus,Brevibacillus thermoruber,WP_035299371.1,WP_035299371.1,1,Brevibacillus thermoruber PM1,TOMM precursor leader peptide-binding protein,False,RefSeq,Brevibacillus thermoruber PM1,PM1,GCF_000744635.1,NZ_JQMH01000018.1,SAMN02744997,Brevibacillus thermoruber PM1,Bacillota,Bacilli,Caryophanales,Paenibacillaceae,Brevibacillus,cellular organisms; Bacteria; Bacillati; Bacillota; Bacilli; Caryophanales; Paenibacillaceae; Brevibacillus; Brevibacillus thermoruber,,not collected,missing,Brevibacillus thermoruber PM1,neighborhoods\WP_035299371_1.fasta,,not collected,missing,missing,missing,True,True
Peribacillus,Peribacillus glennii,WP_117321389.1,WP_117321389.1,2,Peribacillus glennii,TOMM precursor leader peptide-binding protein,False,RefSeq,Peribacillus glennii,V44-8,GCF_003429105.1,NZ_QVTD01000003.1,SAMN09870226,Peribacillus glennii,Bacillota,Bacilli,Caryophanales,Bacillaceae,Peribacillus,cellular organisms; Bacteria; Bacillati; Bacillota; Bacilli; Caryophanales; Bacillaceae; Peribacillus,,1975,USA: Kennedy Space Center,Microbe sample from Peribacillus glennii,neighborhoods\WP_117321389_1.fasta,clean room in the vehicle assembly building where the viking spacecraft were assembled,,,,,True,True
Gottfriedia,Gottfriedia acidiceleris,WP_331222624.1,WP_331222624.1,2,Gottfriedia acidiceleris,TOMM precursor leader peptide-binding protein,False,RefSeq,Gottfriedia acidiceleris,RNC-1,GCF_036421055.1,NZ_JAZGQS010000006.1,SAMN36920547,Gottfriedia acidiceleris,Bacillota,Bacilli,Caryophanales,Bacillaceae,Gottfriedia,cellular organisms; Bacteria; Bacillati; Bacillota; Bacilli; Caryophanales; Bacillaceae; Gottfriedia,,2022-07-20,India: Jharkhand,Microbe sample from Gottfriedia acidiceleris,neighborhoods\WP_331222624_1.fasta,soil,23.4123 N 85.43 E,,,,True,True
Paenibacillus,Paenibacillus validus,WP_328133233.1,WP_328133233.1,2,Paenibacillus validus,TOMM precursor leader peptide-binding protein,False,RefSeq,Paenibacillus validus,NRS-626,GCF_036222125.1,NZ_JARTHJ010000048.1,SAMN33941071,Paenibacillus validus,Bacillota,Bacilli,Caryophanales,Paenibacillaceae,Paenibacillus,cellular organisms; Bacteria; Bacillati; Bacillota; Bacilli; Caryophanales; Paenibacillaceae; Paenibacillus,,1950-10-23,not collected,Microbe sample from Paenibacillus validus,neighborhoods\WP_328133233_1.fasta,not collected,,,,,True,True
Thermicanaceae,Thermicanaceae bacterium 3446A,GAC2544471.1,GAC2544471.1,1,Thermicanaceae bacterium 3446A,TOMM precursor leader peptide-binding protein,False,GenBank/INSDC,Thermicanaceae bacterium 3446A,3446A,GCA_059704965.1,BAAKIQ010000014.1,SAMD01831029,Thermicanaceae bacterium 3446A,Bacillota,Bacilli,Thermicanales,Thermicanaceae,,cellular organisms; Bacteria; Bacillati; Bacillota; Bacilli; Thermicanales; Thermicanaceae; unclassified Thermicanaceae,,2021-07-06,Japan:Kyoto,3446A,neighborhoods\GAC2544471_1.fasta,a freshwater sediment,,,,,False,True
Paenibacillus,Paenibacillus aestuarii,WP_270879558.1,WP_270879558.1,3,Paenibacillus aestuarii,TOMM precursor leader peptide-binding protein,False,RefSeq,Paenibacillus aestuarii,CJ25,GCF_027789125.1,NZ_JAQFVF010000025.1,SAMN32425233,Paenibacillus aestuarii,Bacillota,Bacilli,Caryophanales,Paenibacillaceae,Paenibacillus,cellular organisms; Bacteria; Bacillati; Bacillota; Bacilli; Caryophanales; Paenibacillaceae; Paenibacillus,,2010,South Korea:Han river,Microbe sample from Paenibacillus aestuarii,neighborhoods\WP_270879558_1.fasta,sediment from estuarine wetland,,,,,True,True
Peribacillus,Peribacillus muralis,WP_427676494.1,WP_427676494.1,2,Peribacillus muralis,TOMM precursor leader peptide-binding protein,False,RefSeq,Peribacillus muralis,NPDC093748,GCF_050279785.1,NZ_JBNNUN010000012.1,SAMN46054591,Peribacillus muralis,Bacillota,Bacilli,Caryophanales,Bacillaceae,Peribacillus,cellular organisms; Bacteria; Bacillati; Bacillota; Bacilli; Caryophanales; Bacillaceae; Peribacillus,,not applicable,not applicable,MIGS Cultured Bacterial/Archaeal sample from Peribacillus muralis,neighborhoods\WP_427676494_1.fasta,,not applicable,not applicable,not applicable,not applicable,True,True
Peribacillus,Peribacillus folii,WP_285767349.1,WP_285767349.1,1,Peribacillus folii,TOMM precursor leader peptide-binding protein,False,RefSeq,Peribacillus folii,SI8-4,GCF_030271255.1,NZ_JASJOM010000005.1,SAMN35151479,Peribacillus folii,Bacillota,Bacilli,Caryophanales,Bacillaceae,Peribacillus,cellular organisms; Bacteria; Bacillati; Bacillota; Bacilli; Caryophanales; Bacillaceae; Peribacillus,Kaempferia marginata,2020-11,Thailand: Kanchanaburi,Microbe sample from Peribacillus folii,neighborhoods\WP_285767349_1.fasta,leaves,14.1011 N 99.4179 E,,,,True,True
Metabacillus,Metabacillus halosaccharovorans,WP_368657027.1,WP_368657027.1,2,Metabacillus halosaccharovorans,TOMM precursor leader peptide-binding protein,False,RefSeq,Metabacillus halosaccharovorans,Hao 2024,GCF_040959945.1,NZ_CP162630.1,SAMN42657674,Metabacillus halosaccharovorans,Bacillota,Bacilli,Caryophanales,Bacillaceae,Metabacillus,cellular organisms; Bacteria; Bacillati; Bacillota; Bacilli; Caryophanales; Bacillaceae; Metabacillus,,2008-05-15,China:Shandong,Microbe sample from Metabacillus halosaccharovorans,neighborhoods\WP_368657027_1.fasta,Abalone fry collecting board,,,,,True,True
Paenibacillus,Paenibacillus,WP_127605224.1,WP_127605224.1,6,Paenibacillus sp.; Paenibacillus validus; Paenibacillus validus NBRC 15382,TOMM precursor leader peptide-binding protein,False,RefSeq,Paenibacillus validus NBRC 15382,NBRC 15382,GCF_004000985.1,NZ_BIMH01000003.1,SAMD00034174,Paenibacillus validus NBRC 15382,Bacillota,Bacilli,Caryophanales,Paenibacillaceae,Paenibacillus,cellular organisms; Bacteria; Bacillati; Bacillota; Bacilli; Caryophanales; Paenibacillaceae; Paenibacillus; Paenibacillus validus,,not applicable,not applicable,Paenibacillus validus type strain:NBRC 15382,neighborhoods\WP_127605224_1.fasta,,not applicable,not applicable,soil,not applicable,True,True
Peribacillus,Peribacillus sp. SIMBA_075,WP_410861556.1,WP_410861556.1,2,Peribacillus sp. SIMBA_075,TOMM precursor leader peptide-binding protein,False,RefSeq,Peribacillus sp. SIMBA_075,SIMBA_075,GCF_046534585.1,NZ_JAWRYN010000010.1,SAMN37992210,Peribacillus sp. SIMBA_075,Bacillota,Bacilli,Caryophanales,Bacillaceae,Peribacillus,cellular organisms; Bacteria; Bacillati; Bacillota; Bacilli; Caryophanales; Bacillaceae; Peribacillus; unclassified Peribacillus,,2007-05,Italy,Microbe sample from Peribacillus sp. SIMBA_075,neighborhoods\WP_410861556_1.fasta,cork,,Cropland biome (ENVO:01000245),,,False,True
Peribacillus,Peribacillus sp. NPDC097295,WP_402961649.1,WP_402961649.1,2,Peribacillus sp. NPDC097295,TOMM precursor leader peptide-binding protein,False,RefSeq,Peribacillus sp. NPDC097295,NPDC097295,GCF_044761665.1,NZ_JBIWCW010000001.1,SAMN43998125,Peribacillus sp. NPDC097295,Bacillota,Bacilli,Caryophanales,Bacillaceae,Peribacillus,cellular organisms; Bacteria; Bacillati; Bacillota; Bacilli; Caryophanales; Bacillaceae; Peribacillus; unclassified Peribacillus,,not applicable,not applicable,MIGS Cultured Bacterial/Archaeal sample from Peribacillus sp. NPDC097295,neighborhoods\WP_402961649_1.fasta,,not applicable,not applicable,not applicable,not applicable,False,True
Bacillus,Bacillus aerolatus,WP_152151021.1,WP_152151021.1,2,Bacillus aerolatus,TOMM precursor leader peptide-binding protein,False,RefSeq,Bacillus aerolatus,CX253,GCF_009183655.1,NZ_WEIO01000004.1,SAMN12993151,Bacillus aerolatus,Bacillota,Bacilli,Caryophanales,Bacillaceae,Bacillus,cellular organisms; Bacteria; Bacillati; Bacillota; Bacilli; Caryophanales; Bacillaceae; Bacillus,,2019-03-06,"China: Guangzhou, Guangodng",Microbe sample from Bacillus aerolatus,neighborhoods\WP_152151021_1.fasta,air in sports field,,,,,True,True
Peribacillus,Peribacillus faecalis,WP_190997881.1,WP_190997881.1,2,Peribacillus faecalis,TOMM precursor leader peptide-binding protein,False,RefSeq,Peribacillus faecalis,AGMB 02131,GCF_014712675.1,NZ_JACXSI010000016.1,SAMN16177587,Peribacillus faecalis,Bacillota,Bacilli,Caryophanales,Bacillaceae,Peribacillus,cellular organisms; Bacteria; Bacillati; Bacillota; Bacilli; Caryophanales; Bacillaceae; Peribacillus,cow,2019-09,South Korea,Microbe sample from Peribacillus faecalis,neighborhoods\WP_190997881_1.fasta,feces,,,,,True,True
Metabacillus,Metabacillus endolithicus,WP_476138694.1,WP_476138694.1,2,Metabacillus endolithicus,TOMM precursor leader peptide-binding protein,False,RefSeq,Metabacillus endolithicus,ABR4_014,GCF_056312255.1,NZ_JBSVEN010000001.1,SAMN53649300,Metabacillus endolithicus,Bacillota,Bacilli,Caryophanales,Bacillaceae,Metabacillus,cellular organisms; Bacteria; Bacillati; Bacillota; Bacilli; Caryophanales; Bacillaceae; Metabacillus,,2022-12-19,"USA: Atlantic ocean at Key West, Florida",Microbe sample from Metabacillus endolithicus,neighborhoods\WP_476138694_1.fasta,Marine,,,,,True,True
Peribacillus,Peribacillus butanolivorans,WP_328115606.1,WP_328115606.1,2,Peribacillus butanolivorans,TOMM precursor leader peptide-binding protein,False,RefSeq,Peribacillus butanolivorans,NRS-1702,GCF_036219605.1,NZ_JARMRV010000054.1,SAMN33769967,Peribacillus butanolivorans,Bacillota,Bacilli,Caryophanales,Bacillaceae,Peribacillus,cellular organisms; Bacteria; Bacillati; Bacillota; Bacilli; Caryophanales; Bacillaceae; Peribacillus,,1977-06-20,not collected,Microbe sample from Peribacillus butanolivorans,neighborhoods\WP_328115606_1.fasta,not collected,,,,,True,True
Paenibacillus,Paenibacillus cremeus,WP_144851136.1,WP_144851136.1,2,Paenibacillus cremeus,TOMM precursor leader peptide-binding protein,False,RefSeq,Paenibacillus cremeus,JC52,GCF_007786445.1,NZ_VNJI01000032.1,SAMN12359320,Paenibacillus cremeus,Bacillota,Bacilli,Caryophanales,Paenibacillaceae,Paenibacillus,cellular organisms; Bacteria; Bacillati; Bacillota; Bacilli; Caryophanales; Paenibacillaceae; Paenibacillus,,2017-06-19,South Korea: Jejudo,Microbe sample from Paenibacillus sp. JC52,neighborhoods\WP_144851136_1.fasta,soil,,,,,True,True
Bacilli,Bacilli bacterium,MDB5083210.1,MDB5083210.1,1,Bacilli bacterium,bacteriocin biosynthesis protein SagD,False,GenBank/INSDC,Bacilli bacterium,,GCA_028287455.1,JAQBPP010000014.1,SAMN17837438,Bacilli bacterium,Bacillota,Bacilli,,,,cellular organisms; Bacteria; Bacillati; Bacillota; Bacilli; unclassified Bacilli,,2019-08-19,USA:Wyoming,Microbe sample from Bacilli bacterium,neighborhoods\MDB5083210_1.fasta,low severity burned soil,,,,,False,True
Lederbergia,Lederbergia sp. B263.17,WP_488128489.1,WP_488128489.1,2,Lederbergia sp. B263.17,TOMM precursor leader peptide-binding protein,False,RefSeq,Lederbergia sp. B263.17,B263.17,GCF_057657915.1,NZ_JBWBKE010000049.1,SAMN56456809,Lederbergia sp. B263.17,Bacillota,Bacilli,Caryophanales,Bacillaceae,Lederbergia,cellular organisms; Bacteria; Bacillati; Bacillota; Bacilli; Caryophanales; Bacillaceae; Lederbergia; unclassified Lederbergia,,2017,Brazil:Rio de Janeiro,Pathogen: environmental/food/other sample from Lederbergia sp. B263.17,neighborhoods\WP_488128489_1.fasta,Pharmaceutical industry facility,22.90785251 S 43.20054132 W,,,,False,True
Peribacillus,Peribacillus muralis,WP_377363636.1,WP_377363636.1,2,Peribacillus muralis,TOMM precursor leader peptide-binding protein,False,RefSeq,Peribacillus muralis,NPDC059962,GCF_042738255.1,NZ_JBHWUB010000008.1,SAMN43798334,Peribacillus muralis,Bacillota,Bacilli,Caryophanales,Bacillaceae,Peribacillus,cellular organisms; Bacteria; Bacillati; Bacillota; Bacilli; Caryophanales; Bacillaceae; Peribacillus,,2010-01-01,not applicable,MIGS Cultured Bacterial/Archaeal sample from Peribacillus muralis,neighborhoods\WP_377363636_1.fasta,,not applicable,not applicable,not applicable,not applicable,True,True
Effusibacillus,Effusibacillus dendaii,WP_200759780.1,WP_200759780.1,2,Effusibacillus dendaii,TOMM precursor leader peptide-binding protein,False,RefSeq,Effusibacillus dendaii,skT53,GCF_015097055.1,NZ_AP023366.1,SAMD00233082,Effusibacillus dendaii,Bacillota,Bacilli,Caryophanales,Alicyclobacillaceae,Effusibacillus,cellular organisms; Bacteria; Bacillati; Bacillota; Bacilli; Caryophanales; Alicyclobacillaceae; Effusibacillus,,2014-11-15,"Japan:Tokyo, Adachi-ku",Effusibacillus sp.,neighborhoods\WP_200759780_1.fasta,,35.783698 N 139.799450 E,village biome,farm soil,farm,True,True
Fictibacillus,Fictibacillus nanhaiensis,WP_328085371.1,WP_328085371.1,2,Fictibacillus nanhaiensis,TOMM precursor leader peptide-binding protein,False,RefSeq,Fictibacillus nanhaiensis,NRS-1152,GCF_036213205.1,NZ_JARMFC010000011.1,SAMN32975024,Fictibacillus nanhaiensis,Bacillota,Bacilli,Caryophanales,Fictibacillaceae,Fictibacillus,cellular organisms; Bacteria; Bacillati; Bacillota; Bacilli; Caryophanales; Fictibacillaceae; Fictibacillus,,1951-09-04,not collected,Microbe sample from Fictibacillus nanhaiensis,neighborhoods\WP_328085371_1.fasta,not collected,,,,,True,True
Peribacillus,Peribacillus sp. Bi96,WP_230160735.1,WP_230160735.1,2,Peribacillus sp. Bi96,TOMM precursor leader peptide-binding protein,False,RefSeq,Peribacillus sp. Bi96,,GCF_918698115.1,NZ_CAKKLV010000019.1,SAMEA7892366,Peribacillus sp. Bi96,Bacillota,Bacilli,Caryophanales,Bacillaceae,Peribacillus,cellular organisms; Bacteria; Bacillati; Bacillota; Bacilli; Caryophanales; Bacillaceae; Peribacillus; unclassified Peribacillus,,2017-10-02,United Kingdom,barley SynCom isolate Bi96,neighborhoods\WP_230160735_1.fasta,,,Agricultural biome,Soil,Rhizosphere,False,True
Paenibacillus,Paenibacillus hamazuiensis,WP_248926019.1,WP_248926019.1,1,Paenibacillus hamazuiensis,TOMM precursor leader peptide-binding protein,False,RefSeq,Paenibacillus hamazuiensis,YIM B00624,GCF_023276405.1,NZ_JALRMO010000001.1,SAMN27620061,Paenibacillus hamazuiensis,Bacillota,Bacilli,Caryophanales,Paenibacillaceae,Paenibacillus,cellular organisms; Bacteria; Bacillati; Bacillota; Bacilli; Caryophanales; Paenibacillaceae; Paenibacillus,,2019-11,China,Microbe sample from Paenibacillus hamazuiensis,neighborhoods\WP_248926019_1.fasta,soil,,,,,True,True
Fictibacillus,Fictibacillus halophilus,WP_379833095.1,WP_379833095.1,2,Fictibacillus halophilus,TOMM precursor leader peptide-binding protein,False,RefSeq,Fictibacillus halophilus,Fh-2,GCF_042680145.1,NZ_JBHTNQ010000001.1,SAMN43284281,Fictibacillus halophilus,Bacillota,Bacilli,Caryophanales,Fictibacillaceae,Fictibacillus,cellular organisms; Bacteria; Bacillati; Bacillota; Bacilli; Caryophanales; Fictibacillaceae; Fictibacillus,,2023,missing,Microbe sample from Fictibacillus halophilus,neighborhoods\WP_379833095_1.fasta,missing,,,,,True,True
Bacillus,Bacillus methanolicus,WP_004434480.1,WP_004434480.1,4,Bacillus methanolicus MGA3,TOMM precursor leader peptide-binding protein,False,RefSeq,Bacillus methanolicus MGA3,MGA3,GCF_000262735.1,NZ_ADWW01000002.1,SAMN02470993,Bacillus methanolicus MGA3,Bacillota,Bacilli,Caryophanales,Bacillaceae,Bacillus,cellular organisms; Bacteria; Bacillati; Bacillota; Bacilli; Caryophanales; Bacillaceae; Bacillus; Bacillus methanolicus,,,,Sample from Bacillus methanolicus MGA3,neighborhoods\WP_004434480_1.fasta,,,,,,True,True
Thermoactinomyces,Thermoactinomyces sp. CICC 10523,WP_198055245.1,WP_198055245.1,2,Thermoactinomyces sp. CICC 10523,TOMM precursor leader peptide-binding protein,False,RefSeq,Thermoactinomyces sp. CICC 10523,CICC 10523,GCF_016055105.1,NZ_JAECVX010000002.1,SAMN15897716,Thermoactinomyces sp. CICC 10523,Bacillota,Bacilli,Caryophanales,Thermoactinomycetaceae,Thermoactinomyces,cellular organisms; Bacteria; Bacillati; Bacillota; Bacilli; Caryophanales; Thermoactinomycetaceae; Thermoactinomyces; unclassified Thermoactinomyces,,2012-04,China: Taiwan,Microbe sample from Thermoactinomyces sp. CICC 10523,neighborhoods\WP_198055245_1.fasta,soil,,,,,False,True
Ectobacillus,Ectobacillus panaciterrae,WP_028399816.1,WP_028399816.1,1,Ectobacillus panaciterrae DSM 19096,TOMM precursor leader peptide-binding protein,False,RefSeq,Ectobacillus panaciterrae DSM 19096,DSM 19096,GCF_000430785.1,NZ_AUMR01000014.1,SAMN02440795,Ectobacillus panaciterrae DSM 19096,Bacillota,Bacilli,Caryophanales,Bacillaceae,Ectobacillus,cellular organisms; Bacteria; Bacillati; Bacillota; Bacilli; Caryophanales; Bacillaceae; Ectobacillus; Ectobacillus panaciterrae,,,South Korea,Generic sample from Bacillus panaciterrae DSM 19096,neighborhoods\WP_028399816_1.fasta,,37.895481 N 127.200344 E,,,,True,True
Neobacillus,Neobacillus drentensis,WP_335380356.1,WP_335380356.1,2,Neobacillus drentensis,TOMM precursor leader peptide-binding protein,False,RefSeq,Neobacillus drentensis,JJ1499,GCF_036965145.1,NZ_JBALPB010000004.1,SAMN40001854,Neobacillus drentensis,Bacillota,Bacilli,Caryophanales,Bacillaceae,Neobacillus,cellular organisms; Bacteria; Bacillati; Bacillota; Bacilli; Caryophanales; Bacillaceae; Neobacillus,corn,2014,USA: Ohio,Microbe sample from Neobacillus drentensis,neighborhoods\WP_335380356_1.fasta,rhizoplane,,,,,True,True
Brevibacillus,Brevibacillus fluminis,WP_441071149.1,WP_441071149.1,2,Brevibacillus fluminis,TOMM precursor leader peptide-binding protein,False,RefSeq,Brevibacillus fluminis,SLAM_AEPS10,GCF_052072235.1,NZ_CM125436.1,SAMN50506356,Brevibacillus fluminis,Bacillota,Bacilli,Caryophanales,Paenibacillaceae,Brevibacillus,cellular organisms; Bacteria; Bacillati; Bacillota; Bacilli; Caryophanales; Paenibacillaceae; Brevibacillus,holstein,2023-05,"South Korea: Pyeongchang-gun, Gangwon-do",Microbe sample from Brevibacillus fluminis,neighborhoods\WP_441071149_1.fasta,rumen,,,,,True,True
Paenalicyclobacillus,Paenalicyclobacillus shizuokensis,MCL6626766.1,MCL6626766.1,2,Paenalicyclobacillus shizuokensis,TOMM precursor leader peptide-binding protein,False,GenBank/INSDC,Paenalicyclobacillus shizuokensis,,GCA_023512455.1,JAILZO010000168.1,SAMN20023712,Paenalicyclobacillus shizuokensis,Bacillota,Bacilli,Caryophanales,Alicyclobacillaceae,Paenalicyclobacillus,cellular organisms; Bacteria; Bacillati; Bacillota; Bacilli; Caryophanales; Alicyclobacillaceae; Paenalicyclobacillus,,2018-08-21,"Canada:Terrace, Lakelse Hot Spring",MIMAG Metagenome-assembled Genome sample from Paenalicyclobacillus shizuokensis,neighborhoods\MCL6626766_1.fasta,hot spring sediment,54.358300 N 128.541133 W,ENVO:00000051,ENVO:00000051,ENVO:00000051,True,True
Aneurinibacillus,Aneurinibacillus,WP_057899132.1,WP_057899132.1,11,Aneurinibacillus sp. XH2; Aneurinibacillus thermoaerophilus,TOMM precursor leader peptide-binding protein,False,RefSeq,Aneurinibacillus sp. XH2,XH2,GCF_001439585.2,NZ_CP014140.1,SAMN03777308,Aneurinibacillus sp. XH2,Bacillota,Bacilli,Caryophanales,Paenibacillaceae,Aneurinibacillus,cellular organisms; Bacteria; Bacillati; Bacillota; Bacilli; Caryophanales; Paenibacillaceae; Aneurinibacillus group; Aneurinibacillus; unclassified Aneurinibacillus,,2012-05-16,China: Gudao oilfield,Microbe sample from Aneurinibacillus sp. XH2,neighborhoods\WP_057899132_1.fasta,oil produced water,,,,,True,True
Peribacillus,Peribacillus butanolivorans,WP_377429048.1,WP_377429048.1,2,Peribacillus butanolivorans,TOMM precursor leader peptide-binding protein,False,RefSeq,Peribacillus butanolivorans,NPDC056906,GCF_042788375.1,NZ_JBHUBZ010000016.1,SAMN43795978,Peribacillus butanolivorans,Bacillota,Bacilli,Caryophanales,Bacillaceae,Peribacillus,cellular organisms; Bacteria; Bacillati; Bacillota; Bacilli; Caryophanales; Bacillaceae; Peribacillus,,2010-01-01,China,MIGS Cultured Bacterial/Archaeal sample from Peribacillus butanolivorans,neighborhoods\WP_377429048_1.fasta,,not applicable,not applicable,not applicable,not applicable,True,True
Bacillus,Bacillus wiedmannii,PFX61598.1,PFX61598.1,2,Bacillus wiedmannii,bacteriocin biosynthesis protein SagD,False,GenBank/INSDC,Bacillus wiedmannii,AFS086460,GCA_002568685.1,NVFC01000010.1,SAMN07598549,Bacillus wiedmannii,Bacillota,Bacilli,Caryophanales,Bacillaceae,Bacillus,cellular organisms; Bacteria; Bacillati; Bacillota; Bacilli; Caryophanales; Bacillaceae; Bacillus; Bacillus cereus group,,2014-05-06,USA: NY,Microbe sample from Bacillus wiedmannii,neighborhoods\PFX61598_1.fasta,soil,,,,,True,True
Fictibacillus,Fictibacillus barbaricus,WP_310256373.1,WP_310256373.1,2,Fictibacillus barbaricus,TOMM precursor leader peptide-binding protein,False,RefSeq,Fictibacillus barbaricus,BE211,GCF_031457135.1,NZ_JAVDWA010000001.1,SAMN18244806,Fictibacillus barbaricus,Bacillota,Bacilli,Caryophanales,Fictibacillaceae,Fictibacillus,cellular organisms; Bacteria; Bacillati; Bacillota; Bacilli; Caryophanales; Fictibacillaceae; Fictibacillus,not applicable,missing,"USA: Ithaca, New York",Fictibacillus barbaricus BE211,neighborhoods\WP_310256373_1.fasta,missing,42.444 N 76.5019 W,missing,missing,missing,True,True
Bacillus,Bacillus sp. (in: firmicutes),MGM9923677.1,MGM9923677.1,1,Bacillus sp. (in: firmicutes),TOMM precursor leader peptide-binding protein,False,GenBank/INSDC,Bacillus sp. (in: firmicutes),,GCA_051874035.1,JBJEFM010000076.1,SAMN43789211,Bacillus sp. (in: firmicutes),Bacillota,Bacilli,Caryophanales,Bacillaceae,Bacillus,cellular organisms; Bacteria; Bacillati; Bacillota; Bacilli; Caryophanales; Bacillaceae; Bacillus; unclassified Bacillus (in: firmicutes),Sus scrofa vittatus,2019-07-16,Singapore: Pulau Ubin,MIMAG Metagenome-assembled Genome sample from Bacillus sp. (in: firmicutes),neighborhoods\MGM9923677_1.fasta,feces of wild boar,1.405 N 103.970 E,NCIT:C160991,NCIT:C13234,NCIT:C34082,False,True
Fictibacillus,Fictibacillus sp. BK138,WP_130296300.1,WP_130296300.1,2,Fictibacillus sp. BK138,TOMM precursor leader peptide-binding protein,False,RefSeq,Fictibacillus sp. BK138,BK138,GCF_004216955.1,NZ_SGXL01000001.1,SAMN10872263,Fictibacillus sp. BK138,Bacillota,Bacilli,Caryophanales,Fictibacillaceae,Fictibacillus,cellular organisms; Bacteria; Bacillati; Bacillota; Bacilli; Caryophanales; Fictibacillaceae; Fictibacillus; unclassified Fictibacillus,not applicable,missing,missing,Fictibacillus sp. BK138,neighborhoods\WP_130296300_1.fasta,missing,missing,missing,missing,missing,False,True
Laceyella,Laceyella putida,WP_379883240.1,WP_379883240.1,2,Laceyella putida,TOMM precursor leader peptide-binding protein,False,RefSeq,Laceyella putida,CCUG 54950,GCF_042679805.1,NZ_JBHTNJ010000081.1,SAMN43284290,Laceyella putida,Bacillota,Bacilli,Caryophanales,Thermoactinomycetaceae,Laceyella,cellular organisms; Bacteria; Bacillati; Bacillota; Bacilli; Caryophanales; Thermoactinomycetaceae; Laceyella,,2023,missing,Microbe sample from Laceyella putida,neighborhoods\WP_379883240_1.fasta,missing,,,,,True,True
Brevibacillus,Brevibacillus panacihumi,WP_023555514.1,WP_023555514.1,3,Brevibacillus panacihumi W25,TOMM precursor leader peptide-binding protein,False,RefSeq,Brevibacillus panacihumi W25,W25,GCF_000503775.1,NZ_KI629787.1,SAMN02378363,Brevibacillus panacihumi W25,Bacillota,Bacilli,Caryophanales,Paenibacillaceae,Brevibacillus,cellular organisms; Bacteria; Bacillati; Bacillota; Bacilli; Caryophanales; Paenibacillaceae; Brevibacillus; Brevibacillus panacihumi,,2011,China,Cultured Bacterial/Archaeal sample for Brevibacillus panacihumi W25,neighborhoods\WP_023555514_1.fasta,,38.6 N 117.4 E,soil,soil,soil,True,True
Metabacillus,Metabacillus elymi,WP_396652556.1,WP_396652556.1,1,Metabacillus elymi,TOMM precursor leader peptide-binding protein,False,RefSeq,Metabacillus elymi,KUDC1714,GCF_014217835.1,NZ_CP055263.1,SAMN15236437,Metabacillus elymi,Bacillota,Bacilli,Caryophanales,Bacillaceae,Metabacillus,cellular organisms; Bacteria; Bacillati; Bacillota; Bacilli; Caryophanales; Bacillaceae; Metabacillus,,2011-06,South Korea: Dokdo,Microbe sample from Metabacillus elymi,neighborhoods\WP_396652556_1.fasta,soil,,,,,True,True
Caldalkalibacillus,Caldalkalibacillus uzonensis,MDQ0339720.1,MDQ0339720.1,2,Caldalkalibacillus uzonensis,ribosomal protein S12 methylthiotransferase accessory factor,False,GenBank/INSDC,Caldalkalibacillus uzonensis,DSM 17740,GCA_030814135.1,JAUSUQ010000009.1,SAMN18243380,Caldalkalibacillus uzonensis,Bacillota,Bacilli,Caryophanales,Bacillaceae,Caldalkalibacillus,cellular organisms; Bacteria; Bacillati; Bacillota; Bacilli; Caryophanales; Bacillaceae; Caldalkalibacillus,not applicable,missing,"Russia: Kamchatka, East Thermal Field of the Uzon Caldera",Caldalkalibacillus uzonensis DSM 17740,neighborhoods\MDQ0339720_1.fasta,missing,54.5 N 159.96 E,missing,missing,missing,True,True
Tumebacillus,Tumebacillus amylolyticus,WP_201637248.1,WP_201637248.1,2,Tumebacillus amylolyticus,TOMM precursor leader peptide-binding protein,False,RefSeq,Tumebacillus amylolyticus,ITR2,GCF_016722965.1,NZ_JAEQNB010000005.1,SAMN17224788,Tumebacillus amylolyticus,Bacillota,Bacilli,Caryophanales,Alicyclobacillaceae,Tumebacillus,cellular organisms; Bacteria; Bacillati; Bacillota; Bacilli; Caryophanales; Alicyclobacillaceae; Tumebacillus,,2018-06-03,South Korea: Gyeonggi-do,Microbe sample from Tumebacillus sp. ITR2,neighborhoods\WP_201637248_1.fasta,soil,,,,,True,True
Paenibacillus,Paenibacillus litoralis,WP_409340376.1,WP_409340376.1,2,Paenibacillus litoralis,TOMM precursor leader peptide-binding protein,False,RefSeq,Paenibacillus litoralis,MBLB4367,GCF_046244365.1,NZ_CP176395.1,SAMN45198054,Paenibacillus litoralis,Bacillota,Bacilli,Caryophanales,Paenibacillaceae,Paenibacillus,cellular organisms; Bacteria; Bacillati; Bacillota; Bacilli; Caryophanales; Paenibacillaceae; Paenibacillus,missing,2022-06,missing,Microbe sample from Paenibacillus litoralis,neighborhoods\WP_409340376_1.fasta,seacoast soil,,,,,True,True
Polycladomyces,Polycladomyces zharkentensis,MBN2909913.1,MBN2909913.1,2,Polycladomyces zharkentensis,TOMM precursor leader peptide-binding protein,False,GenBank/INSDC,Polycladomyces zharkentensis,ZKZ2T,GCA_016938855.1,JAFHAP010000008.1,SAMN17714862,Polycladomyces zharkentensis,Bacillota,Bacilli,Caryophanales,Thermoactinomycetaceae,Polycladomyces,cellular organisms; Bacteria; Bacillati; Bacillota; Bacilli; Caryophanales; Thermoactinomycetaceae; Polycladomyces,,2019-01-20,Kazakhstan: Almaty region,MIGS Cultured Bacterial/Archaeal sample from Polycladomyces zharkentensis,neighborhoods\MBN2909913_1.fasta,hot spring,44.163500 N 79.982061 E,Water,hot spring,geothermal area,True,True
Paenibacillus,Paenibacillus sp. MSJ-34,WP_216539374.1,WP_216539374.1,2,Paenibacillus sp. MSJ-34,TOMM precursor leader peptide-binding protein,False,RefSeq,Paenibacillus sp. MSJ-34,MSJ-34,GCF_018918005.1,NZ_JAHLPR010000031.1,SAMN19374021,Paenibacillus sp. MSJ-34,Bacillota,Bacilli,Caryophanales,Paenibacillaceae,Paenibacillus,cellular organisms; Bacteria; Bacillati; Bacillota; Bacilli; Caryophanales; Paenibacillaceae; Paenibacillus; unclassified Paenibacillus,Macaca fascicularis,2019-08,China: Suzhou,Microbe sample from Paenibacillus sp. MSJ-34,neighborhoods\WP_216539374_1.fasta,feces,,,,,False,True
Fictibacillus,Fictibacillus marinisediminis,WP_248251299.1,WP_248251299.1,2,Fictibacillus marinisediminis,TOMM precursor leader peptide-binding protein,False,RefSeq,Fictibacillus marinisediminis,KIGAM418,GCF_023149135.1,NZ_JAIWJX010000002.1,SAMN21591386,Fictibacillus marinisediminis,Bacillota,Bacilli,Caryophanales,Fictibacillaceae,Fictibacillus,cellular organisms; Bacteria; Bacillati; Bacillota; Bacilli; Caryophanales; Fictibacillaceae; Fictibacillus,,2020-03,South Korea: East sea,Microbe sample from Fictibacillus marinisediminis,neighborhoods\WP_248251299_1.fasta,marine sediment,36.72 N 129.59 E,,,,True,True
Bacillus,Bacillus fengqiuensis,MDQ0246819.1,MDQ0246819.1,1,Bacillus fengqiuensis,ribosomal protein S12 methylthiotransferase accessory factor,False,GenBank/INSDC,Bacillus fengqiuensis,DSM 26745,GCA_030813035.1,JAUSTV010000014.1,SAMN18242970,Bacillus fengqiuensis,Bacillota,Bacilli,Caryophanales,Bacillaceae,Bacillus,cellular organisms; Bacteria; Bacillati; Bacillota; Bacilli; Caryophanales; Bacillaceae; Bacillus,not applicable,missing,missing,Bacillus fengqiuensis DSM 26745,neighborhoods\MDQ0246819_1.fasta,missing,missing,missing,missing,missing,True,True
Paenibacillus,Paenibacillus rigui,WP_094018107.1,WP_094018107.1,2,Paenibacillus rigui,TOMM precursor leader peptide-binding protein,False,RefSeq,Paenibacillus rigui,JCM 16352,GCF_002234615.1,NZ_NMQW01000052.1,SAMN07334579,Paenibacillus rigui,Bacillota,Bacilli,Caryophanales,Paenibacillaceae,Paenibacillus,cellular organisms; Bacteria; Bacillati; Bacillota; Bacilli; Caryophanales; Paenibacillaceae; Paenibacillus,,not collected,not applicable,MIGS Cultured Bacterial/Archaeal sample from Paenibacillus rigui,neighborhoods\WP_094018107_1.fasta,fresh water,not applicable,wetland,fresh water,fresh water,True,True
Fictibacillus,Fictibacillus aquaticus,WP_106408326.1,WP_106408326.1,1,Fictibacillus aquaticus,TOMM precursor leader peptide-binding protein,False,RefSeq,Fictibacillus aquaticus,GDSW-R2A3,GCF_002245695.1,NZ_NOII01000024.1,SAMN07357904,Fictibacillus aquaticus,Bacillota,Bacilli,Caryophanales,Fictibacillaceae,Fictibacillus,cellular organisms; Bacteria; Bacillati; Bacillota; Bacilli; Caryophanales; Fictibacillaceae; Fictibacillus,,2015-07-01,India: Harsil,MIGS Cultured Bacterial/Archaeal sample from Fictibacillus,neighborhoods\WP_106408326_1.fasta,fresh water,30.98 N 78.93 E,water,fresh water,fresh water,True,True
Paenibacillus,Paenibacillus sp. 32352,WP_079912207.1,WP_079912207.1,1,Paenibacillus sp. 32352,TOMM precursor leader peptide-binding protein,False,RefSeq,Paenibacillus sp. 32352,32352,GCF_002042965.1,NZ_MZNT01000008.1,SAMN06349019,Paenibacillus sp. 32352,Bacillota,Bacilli,Caryophanales,Paenibacillaceae,Paenibacillus,cellular organisms; Bacteria; Bacillati; Bacillota; Bacilli; Caryophanales; Paenibacillaceae; Paenibacillus; unclassified Paenibacillus,,not collected,not collected,MIGS Cultured Bacterial/Archaeal sample from Bacillus circulans Jordan(ATCC 14175),neighborhoods\WP_079912207_1.fasta,,not collected,not collected,not collected,not collected,False,True
Bacillus,Bacillus sp. sid0103,WP_218349955.1,WP_218349955.1,2,Bacillus sp. sid0103,TOMM precursor leader peptide-binding protein,False,RefSeq,Bacillus sp. sid0103,sid0103,GCF_019219025.1,NZ_JAHUWN010000022.1,SAMN19994152,Bacillus sp. sid0103,Bacillota,Bacilli,Caryophanales,Bacillaceae,Bacillus,cellular organisms; Bacteria; Bacillati; Bacillota; Bacilli; Caryophanales; Bacillaceae; Bacillus; unclassified Bacillus (in: firmicutes),,2018-10-18,USA,Microbe sample from Bacillus sp. sid0103,neighborhoods\WP_218349955_1.fasta,soil,40.093 N 88.218 W,,,,False,True
Bacillus,Bacillus sp. 03113,WP_141432734.1,WP_141432734.1,1,Bacillus sp. 03113,TOMM precursor leader peptide-binding protein,False,RefSeq,Bacillus sp. 03113,03113,GCF_006546985.1,NZ_VATK01000010.1,SAMN11577514,Bacillus sp. 03113,Bacillota,Bacilli,Caryophanales,Bacillaceae,Bacillus,cellular organisms; Bacteria; Bacillati; Bacillota; Bacilli; Caryophanales; Bacillaceae; Bacillus; unclassified Bacillus (in: firmicutes),Oryza sativa,2018-05-22,China,Microbe sample from Bacillus sp. 03113,neighborhoods\WP_141432734_1.fasta,rice soil,,,,,False,True
Priestia,Priestia taiwanensis,WP_188387358.1,WP_188387358.1,3,Priestia taiwanensis,TOMM precursor leader peptide-binding protein,False,RefSeq,Priestia taiwanensis,DSM 27845,GCF_016908755.1,NZ_JAFBEL010000001.1,SAMN17619931,Priestia taiwanensis,Bacillota,Bacilli,Caryophanales,Bacillaceae,Priestia,cellular organisms; Bacteria; Bacillati; Bacillota; Bacilli; Caryophanales; Bacillaceae; Priestia,not applicable,missing,missing,Bacillus taiwanensis DSM 27845,neighborhoods\WP_188387358_1.fasta,missing,missing,missing,missing,missing,True,True
Bacillus,Bacillus carboniphilus,WP_343800368.1,WP_343800368.1,2,Bacillus carboniphilus,TOMM precursor leader peptide-binding protein,False,RefSeq,Bacillus carboniphilus,JCM 9731,GCF_039522365.1,NZ_BAAADJ010000052.1,SAMD00644957,Bacillus carboniphilus,Bacillota,Bacilli,Caryophanales,Bacillaceae,Bacillus,cellular organisms; Bacteria; Bacillati; Bacillota; Bacilli; Caryophanales; Bacillaceae; Bacillus,,2005-09-26,Japan,Bacillus carboniphilus strain JCM 9731 genome sample,neighborhoods\WP_343800368_1.fasta,air,,,,,True,True
Brevibacillus,Brevibacillus laterosporus,WP_277547866.1,WP_277547866.1,2,Brevibacillus laterosporus,TOMM precursor leader peptide-binding protein,False,RefSeq,Brevibacillus laterosporus,D9,GCF_029478705.1,NZ_SMFJ01000021.1,SAMN11080770,Brevibacillus laterosporus,Bacillota,Bacilli,Caryophanales,Paenibacillaceae,Brevibacillus,cellular organisms; Bacteria; Bacillati; Bacillota; Bacilli; Caryophanales; Paenibacillaceae; Brevibacillus,Papaya rhizosphere,2018-05,China: Haikou,Microbe sample from Brevibacillus laterosporus,neighborhoods\WP_277547866_1.fasta,Haikou Guilin Ocean Economic Development Zone,,,,,True,True
bacterium,bacterium LRH843,NEU32503.1,NEU32503.1,1,bacterium LRH843,TOMM precursor leader peptide-binding protein,False,GenBank/INSDC,bacterium LRH843,LRH843,GCA_010692825.1,JAAIFC010000011.1,SAMN13439360,bacterium LRH843,,,,,,cellular organisms; Bacteria; unclassified Bacteria,,2018-09,Pacific Ocean,Bacillus sp. LRH843 isolated from a sediment sample,neighborhoods\NEU32503_1.fasta,sediment sample,17.85 N 148.77 E,,,,False,True
Paenibacillus,Paenibacillus hemerocallicola,WP_139602672.1,WP_139602672.1,2,Paenibacillus hemerocallicola,TOMM precursor leader peptide-binding protein,False,RefSeq,Paenibacillus hemerocallicola,KCTC 33185,GCF_006265175.1,NZ_VDCQ01000015.1,SAMN11774449,Paenibacillus hemerocallicola,Bacillota,Bacilli,Caryophanales,Paenibacillaceae,Paenibacillus,cellular organisms; Bacteria; Bacillati; Bacillota; Bacilli; Caryophanales; Paenibacillaceae; Paenibacillus,,2015-07-01,South Korea,Microbe sample from Paenibacillus hemerocallicola,neighborhoods\WP_139602672_1.fasta,roots,,,,,True,True
Priestia,Priestia endophytica,WP_430107234.1,WP_430107234.1,2,Priestia endophytica,TOMM precursor leader peptide-binding protein,False,RefSeq,Priestia endophytica,B-23035,GCF_050465125.1,NZ_JBCMSM010000011.1,SAMN41009157,Priestia endophytica,Bacillota,Bacilli,Caryophanales,Bacillaceae,Priestia,cellular organisms; Bacteria; Bacillati; Bacillota; Bacilli; Caryophanales; Bacillaceae; Priestia,,1996-08-16,"USA: Bushland, Texas",Microbe sample from Priestia endophytica,neighborhoods\WP_430107234_1.fasta,dry feed lot waste,,,,,True,True
Peribacillus,Peribacillus frigoritolerans,WP_406627522.1,WP_406627522.1,1,Peribacillus frigoritolerans,TOMM precursor leader peptide-binding protein,False,RefSeq,Peribacillus frigoritolerans,HMB20428,GCF_026013865.1,NZ_CP110263.1,SAMN31494925,Peribacillus frigoritolerans,Bacillota,Bacilli,Caryophanales,Bacillaceae,Peribacillus,cellular organisms; Bacteria; Bacillati; Bacillota; Bacilli; Caryophanales; Bacillaceae; Peribacillus,plant,2010-12-20,China: Baoding,Microbe sample from Peribacillus frigoritolerans,neighborhoods\WP_406627522_1.fasta,,,,,,True,True
Paenibacillus,Paenibacillus sp. GSMTC-2017,WP_197936813.1,WP_197936813.1,2,Paenibacillus sp. GSMTC-2017,TOMM precursor leader peptide-binding protein,False,RefSeq,Paenibacillus sp. GSMTC-2017,GSMTC-2017,GCF_016019935.1,NZ_JAECMT010000004.1,SAMN16993236,Paenibacillus sp. GSMTC-2017,Bacillota,Bacilli,Caryophanales,Paenibacillaceae,Paenibacillus,cellular organisms; Bacteria; Bacillati; Bacillota; Bacilli; Caryophanales; Paenibacillaceae; Paenibacillus; unclassified Paenibacillus,,2014-08,USA: Great Smoky Mountains National Park,MIGS Cultured Bacterial/Archaeal sample from Paenibacillus sp. GSMTC-2017,neighborhoods\WP_197936813_1.fasta,Soil from side of Kephart Prong,35.58 N 83.36 W,Temperate deciduous forest,Soil,Riparian zone,False,True
Bacillus,Bacillus sp. (in: firmicutes),MGM9927791.1,MGM9927791.1,1,Bacillus sp. (in: firmicutes),TOMM precursor leader peptide-binding protein,False,GenBank/INSDC,Bacillus sp. (in: firmicutes),,GCA_051873995.1,JBJEFL010000063.1,SAMN43789212,Bacillus sp. (in: firmicutes),Bacillota,Bacilli,Caryophanales,Bacillaceae,Bacillus,cellular organisms; Bacteria; Bacillati; Bacillota; Bacilli; Caryophanales; Bacillaceae; Bacillus; unclassified Bacillus (in: firmicutes),Sus scrofa vittatus,2019-08-01,Singapore: Lorong Halus,MIMAG Metagenome-assembled Genome sample from Bacillus sp. (in: firmicutes),neighborhoods\MGM9927791_1.fasta,feces of wild boar,1.393822 N 103.927637 E,NCIT:C160991,NCIT:C13234,NCIT:C34082,False,True
Paenibacillus,Paenibacillus mesophilus,WP_138883804.1,WP_138883804.1,2,Paenibacillus mesophilus,TOMM precursor leader peptide-binding protein,False,RefSeq,Paenibacillus mesophilus,SYSU K30004,GCF_005938385.1,NZ_VCRA01000038.1,SAMN11774433,Paenibacillus mesophilus,Bacillota,Bacilli,Caryophanales,Paenibacillaceae,Paenibacillus,cellular organisms; Bacteria; Bacillati; Bacillota; Bacilli; Caryophanales; Paenibacillaceae; Paenibacillus,,2016-08-20,China,Microbe sample from Paenibacillus mesophilus,neighborhoods\WP_138883804_1.fasta,cave soil,,,,,True,True
Brevibacillus,Brevibacillus sp.,MDF2683787.1,MDF2683787.1,1,Brevibacillus sp.,bacteriocin biosynthesis protein SagD,False,GenBank/INSDC,Brevibacillus sp.,,GCA_029240815.1,JARDZO010000276.1,SAMN20393984,Brevibacillus sp.,Bacillota,Bacilli,Caryophanales,Paenibacillaceae,Brevibacillus,cellular organisms; Bacteria; Bacillati; Bacillota; Bacilli; Caryophanales; Paenibacillaceae; Brevibacillus; unclassified Brevibacillus,,2019-05-28,"USA: Colorado, Fort Collins",Microbe sample from Brevibacillus sp.,neighborhoods\MDF2683787_1.fasta,agricultural soil,40.6529 N 104.9995 W,,,,False,True
Brevibacillus,Brevibacillus soli,MFY0543892.1,MFY0543892.1,2,Brevibacillus soli,TOMM precursor leader peptide-binding protein,False,GenBank/INSDC,Brevibacillus soli,H7,GCA_044759095.2,JBIYSM020000012.1,SAMN43819863,Brevibacillus soli,Bacillota,Bacilli,Caryophanales,Paenibacillaceae,Brevibacillus,cellular organisms; Bacteria; Bacillati; Bacillota; Bacilli; Caryophanales; Paenibacillaceae; Brevibacillus,,2023-08-02,China,Microbe sample from Brevibacillus soli,neighborhoods\MFY0543892_1.fasta,soil,,,,,True,True
Mesobacillus,Mesobacillus foraminis,WP_132004928.1,WP_132004928.1,1,Mesobacillus foraminis,TOMM precursor leader peptide-binding protein,False,RefSeq,Mesobacillus foraminis,CV53,GCF_004340465.1,NZ_SLVV01000004.1,SAMN10864721,Mesobacillus foraminis,Bacillota,Bacilli,Caryophanales,Bacillaceae,Mesobacillus,cellular organisms; Bacteria; Bacillati; Bacillota; Bacilli; Caryophanales; Bacillaceae; Mesobacillus,not applicable,missing,missing,Bacillus foraminis CV53,neighborhoods\WP_132004928_1.fasta,missing,missing,missing,missing,missing,True,True
Brevibacillus,Brevibacillus sp. GCM10020057,WP_376880293.1,WP_376880293.1,2,Brevibacillus sp. GCM10020057,TOMM precursor leader peptide-binding protein,False,RefSeq,Brevibacillus sp. GCM10020057,CGMCC 1.18576,GCF_042683565.1,NZ_JBHUJW010000037.1,SAMN43282478,Brevibacillus sp. GCM10020057,Bacillota,Bacilli,Caryophanales,Paenibacillaceae,Brevibacillus,cellular organisms; Bacteria; Bacillati; Bacillota; Bacilli; Caryophanales; Paenibacillaceae; Brevibacillus; unclassified Brevibacillus,,2021,missing,Microbe sample from Brevibacillus sp. GCM10020057,neighborhoods\WP_376880293_1.fasta,missing,,,,,False,True
Neobacillus,Neobacillus kokaensis,GHI00462.1,GHI00462.1,2,Neobacillus kokaensis,hypothetical protein,True,GenBank/INSDC,Neobacillus kokaensis,missing,GCA_014656545.1,BNDS01000023.1,SAMD00244798,Neobacillus kokaensis,Bacillota,Bacilli,Caryophanales,Bacillaceae,Neobacillus,cellular organisms; Bacteria; Bacillati; Bacillota; Bacilli; Caryophanales; Bacillaceae; Neobacillus,,1975,Japan:Shiga,Bacterium derived from soil,neighborhoods\GHI00462_1.fasta,,not collected,not collected,soil,not collected,True,True
Paenibacillus,Paenibacillus sp. JCM 18996,WP_464655800.1,WP_464655800.1,2,Paenibacillus sp. JCM 18996,TOMM precursor leader peptide-binding protein,False,RefSeq,Paenibacillus sp. JCM 18996,JCM 18996,GCF_055392555.1,NZ_AP043884.1,SAMD01611166,Paenibacillus sp. JCM 18996,Bacillota,Bacilli,Caryophanales,Paenibacillaceae,Paenibacillus,cellular organisms; Bacteria; Bacillati; Bacillota; Bacilli; Caryophanales; Paenibacillaceae; Paenibacillus; unclassified Paenibacillus,,2013,"Japan:Saitama, Wako",JCM18996 genome,neighborhoods\WP_464655800_1.fasta,excrements of pill bugs Armadillidium vulgare,,,,,False,True
Cohnella,Cohnella terricola,WP_144702989.1,WP_144702989.1,2,Cohnella terricola,TOMM precursor leader peptide-binding protein,False,RefSeq,Cohnella terricola,G13,GCF_007786475.1,NZ_VNJJ01000007.1,SAMN12359319,Cohnella terricola,Bacillota,Bacilli,Caryophanales,Paenibacillaceae,Cohnella,cellular organisms; Bacteria; Bacillati; Bacillota; Bacilli; Caryophanales; Paenibacillaceae; Cohnella,,2012-10-30,South Korea: Goduck Mt.,Microbe sample from Cohnella sp. G13,neighborhoods\WP_144702989_1.fasta,soil,,,,,True,True
Oceanobacillus,Oceanobacillus chungangensis,WP_115749690.1,WP_115749690.1,2,Oceanobacillus chungangensis,TOMM precursor leader peptide-binding protein,False,RefSeq,Oceanobacillus chungangensis,CAU 1051,GCF_003369565.1,NZ_PIOD01000010.1,SAMN08100097,Oceanobacillus chungangensis,Bacillota,Bacilli,Caryophanales,Bacillaceae,Oceanobacillus,cellular organisms; Bacteria; Bacillati; Bacillota; Bacilli; Caryophanales; Bacillaceae; Oceanobacillus,,2013,South Korea: Jeju island,Microbe sample from Oceanobacillus chungangensis,neighborhoods\WP_115749690_1.fasta,marine sand,,,,,True,True
Paenibacillus,Paenibacillus sp. N3.4,WP_147951619.1,WP_147951619.1,2,Paenibacillus sp. N3.4,TOMM precursor leader peptide-binding protein,False,RefSeq,Paenibacillus sp. N3.4,N3.4,GCF_008017805.1,NZ_VRTT01000151.1,SAMN12558402,Paenibacillus sp. N3.4,Bacillota,Bacilli,Caryophanales,Paenibacillaceae,Paenibacillus,cellular organisms; Bacteria; Bacillati; Bacillota; Bacilli; Caryophanales; Paenibacillaceae; Paenibacillus; unclassified Paenibacillus,,not applicable,not applicable,Microbe sample Paenibacillus sp. N3.4,neighborhoods\WP_147951619_1.fasta,environmental,,,,,False,True
Metabacillus,Metabacillus mangrovi,WP_155113495.1,WP_155113495.1,2,Metabacillus mangrovi,TOMM precursor leader peptide-binding protein,False,RefSeq,Metabacillus mangrovi,KCTC 33872,GCF_009711125.1,NZ_WMIB01000021.1,SAMN13326190,Metabacillus mangrovi,Bacillota,Bacilli,Caryophanales,Bacillaceae,Metabacillus,cellular organisms; Bacteria; Bacillati; Bacillota; Bacilli; Caryophanales; Bacillaceae; Metabacillus,,2015,India: Andhra Pradesh,Microbe sample from Metabacillus mangrovi,neighborhoods\WP_155113495_1.fasta,mangrove forest,16.8798 N 82.2481 E,,,,True,True
Alicyclobacillus,Alicyclobacillus sp. SO9,WP_198850312.1,WP_198850312.1,2,Alicyclobacillus sp. SO9,TOMM precursor leader peptide-binding protein,False,RefSeq,Alicyclobacillus sp. SO9,SO9,GCF_016406125.1,NZ_CP066339.1,SAMN13326743,Alicyclobacillus sp. SO9,Bacillota,Bacilli,Caryophanales,Alicyclobacillaceae,Alicyclobacillus,cellular organisms; Bacteria; Bacillati; Bacillota; Bacilli; Caryophanales; Alicyclobacillaceae; Alicyclobacillus; unclassified Alicyclobacillus,,2016-07,"Spain: Portman bay, Murcia",FeOB,neighborhoods\WP_198850312_1.fasta,,37.581111 N 0.844611 W,Mediterraneaen sea | tailings disposal,flotation deposits | sea sand,sea shore | mining waste,False,True
Fictibacillus,Fictibacillus nanhaiensis,WP_205726466.1,WP_205726466.1,4,Fictibacillus nanhaiensis,TOMM precursor leader peptide-binding protein,False,RefSeq,Fictibacillus nanhaiensis,DSM 23009,GCF_017052515.1,NZ_JAFHKR010000039.1,SAMN17497681,Fictibacillus nanhaiensis,Bacillota,Bacilli,Caryophanales,Fictibacillaceae,Fictibacillus,cellular organisms; Bacteria; Bacillati; Bacillota; Bacilli; Caryophanales; Fictibacillaceae; Fictibacillus,Ostreidae,2009-10-03,"China:Guangdong Province, Naozhou Island",Genome of Fictibacillus nanhaiensis,neighborhoods\WP_205726466_1.fasta,Oyster,not applicable,not applicable,not applicable,not applicable,True,True
Alicyclobacillaceae,Alicyclobacillaceae bacterium,MBX5437334.1,MBX5437334.1,1,Alicyclobacillaceae bacterium,TOMM precursor leader peptide-binding protein,False,GenBank/INSDC,Alicyclobacillaceae bacterium,,GCA_019683615.1,JADGIC010000102.1,SAMN16273807,Alicyclobacillaceae bacterium,Bacillota,Bacilli,Caryophanales,Alicyclobacillaceae,,cellular organisms; Bacteria; Bacillati; Bacillota; Bacilli; Caryophanales; Alicyclobacillaceae; unclassified Alicyclobacillaceae,,2017-07-24,Canada: Crofton,Microbe sample from Alicyclobacillaceae bacterium,neighborhoods\MBX5437334_1.fasta,"Woody debris (""hog fuel"")",54.358 N 128.541 W,,,,False,True
Neobacillus,Neobacillus cucumis,WP_251571072.1,WP_251571072.1,2,Neobacillus cucumis,TOMM precursor leader peptide-binding protein,False,RefSeq,Neobacillus cucumis,TA 76,GCF_023715505.1,NZ_JAMBOH010000022.1,SAMN28071802,Neobacillus cucumis,Bacillota,Bacilli,Caryophanales,Bacillaceae,Neobacillus,cellular organisms; Bacteria; Bacillati; Bacillota; Bacilli; Caryophanales; Bacillaceae; Neobacillus,,2004-02-17,USA,Microbe sample from Neobacillus cucumis,neighborhoods\WP_251571072_1.fasta,spacecraft surface,,,,,True,True
Peribacillus,Peribacillus sp. FSL E2-0218,WP_340372058.1,WP_340372058.1,2,Peribacillus sp. FSL E2-0218,TOMM precursor leader peptide-binding protein,False,RefSeq,Peribacillus sp. FSL E2-0218,,GCF_037992945.1,NZ_CP150304.1,SAMN25893830,Peribacillus sp. FSL E2-0218,Bacillota,Bacilli,Caryophanales,Bacillaceae,Peribacillus,cellular organisms; Bacteria; Bacillati; Bacillota; Bacilli; Caryophanales; Bacillaceae; Peribacillus; unclassified Peribacillus,not applicable,not collected,not applicable,WGS of Bacilli,neighborhoods\WP_340372058_1.fasta,milk powder,,,,,False,True
Cytobacillus,Cytobacillus sp. FSL W7-1323,WP_342488814.1,WP_342488814.1,2,Cytobacillus sp. FSL W7-1323,TOMM precursor leader peptide-binding protein,False,RefSeq,Cytobacillus sp. FSL W7-1323,FSL W7-1323,GCF_038595015.1,NZ_CP151998.1,SAMN26232503,Cytobacillus sp. FSL W7-1323,Bacillota,Bacilli,Caryophanales,Bacillaceae,Cytobacillus,cellular organisms; Bacteria; Bacillati; Bacillota; Bacilli; Caryophanales; Bacillaceae; Cytobacillus; unclassified Cytobacillus,not applicable,not collected,not applicable,WGS of Bacilli,neighborhoods\WP_342488814_1.fasta,manure,,,,,False,True
Paenibacillus,Paenibacillus psychroresistens,WP_155701669.1,WP_155701669.1,2,Paenibacillus psychroresistens,TOMM precursor leader peptide-binding protein,False,RefSeq,Paenibacillus psychroresistens,ML311-T8,GCF_009728935.1,NZ_CP034235.1,SAMN10464558,Paenibacillus psychroresistens,Bacillota,Bacilli,Caryophanales,Paenibacillaceae,Paenibacillus,cellular organisms; Bacteria; Bacillati; Bacillota; Bacilli; Caryophanales; Paenibacillaceae; Paenibacillus,,2015-10-20,Norway: Svalbard,Complete genome sequence of Paenibacillus psychrotolerans ML311-T8,neighborhoods\WP_155701669_1.fasta,Arctic soil,,,,,True,True
Paenibacillus,Paenibacillus sp. HJGM_3,WP_405452270.1,WP_405452270.1,2,Paenibacillus sp. HJGM_3,TOMM precursor leader peptide-binding protein,False,RefSeq,Paenibacillus sp. HJGM_3,HJGM_3,GCF_045062745.1,NZ_JBJGED010000005.1,SAMN44703463,Paenibacillus sp. HJGM_3,Bacillota,Bacilli,Caryophanales,Paenibacillaceae,Paenibacillus,cellular organisms; Bacteria; Bacillati; Bacillota; Bacilli; Caryophanales; Paenibacillaceae; Paenibacillus; unclassified Paenibacillus,,2023-01,South Korea:Gochang,Microbe sample from Paenibacillus sp. HJGM_3,neighborhoods\WP_405452270_1.fasta,Sea mud,,,,,False,True
Paenibacillus,Paenibacillus sp. XY282,MII2459208.1,MII2459208.1,3,Paenibacillus sp. XY281; Paenibacillus sp. XY282; unclassified Paenibacillus,TOMM precursor leader peptide-binding protein,False,GenBank/INSDC,Paenibacillus sp. XY282,XY282,GCA_060018955.1,JCBNWA010000013.1,SAMN61980530,Paenibacillus sp. XY282,Bacillota,Bacilli,Caryophanales,Paenibacillaceae,Paenibacillus,cellular organisms; Bacteria; Bacillati; Bacillota; Bacilli; Caryophanales; Paenibacillaceae; Paenibacillus; unclassified Paenibacillus,bat,2021-03-30,China:Hainan,Microbe sample from Paenibacillus sp. XY282,neighborhoods\MII2459208_1.fasta,intestinal contents,,,,,False,True
Aneurinibacillus,Aneurinibacillus sp. Ricciae_BoGa-3,WP_272441491.1,WP_272441491.1,2,Aneurinibacillus sp. Ricciae_BoGa-3,TOMM precursor leader peptide-binding protein,False,RefSeq,Aneurinibacillus sp. Ricciae_BoGa-3,Ricciae_BoGa-3,GCF_028421645.1,NZ_CP116887.1,SAMN32348813,Aneurinibacillus sp. Ricciae_BoGa-3,Bacillota,Bacilli,Caryophanales,Paenibacillaceae,Aneurinibacillus,cellular organisms; Bacteria; Bacillati; Bacillota; Bacilli; Caryophanales; Paenibacillaceae; Aneurinibacillus group; Aneurinibacillus; unclassified Aneurinibacillus,,2021-11,Germany: botanical garden Osnabrueck,Aneurinibacillus ricciae genome,neighborhoods\WP_272441491_1.fasta,Lab grown Riccia fluitans ecotype BoGa-3,,,,,False,True
Paenibacillaceae,Paenibacillaceae bacterium,MEX2462397.1,MEX2462397.1,1,Paenibacillaceae bacterium,TOMM precursor leader peptide-binding protein,False,GenBank/INSDC,Paenibacillaceae bacterium,,GCA_040904685.1,JBBDSZ010000055.1,SAMN39963437,Paenibacillaceae bacterium,Bacillota,Bacilli,Caryophanales,Paenibacillaceae,,cellular organisms; Bacteria; Bacillati; Bacillota; Bacilli; Caryophanales; Paenibacillaceae; unclassified Paenibacillaceae,,2018-11,"Chile: Laguna Lejia, Altiplano, Andes",MIMAG Metagenome-assembled Genome sample from Paenibacillaceae bacterium,neighborhoods\MEX2462397_1.fasta,Sediment layer of the Laguna Lejia terrace,23.5 S 67.7 W,lake sediment biome (ENVO:00000546),saline sediment environment (ENVO:01001050),saline sediment environment (ENVO:01001050),False,True
Brevibacillus,Brevibacillus sp. NRS-1366,WP_429833080.1,WP_429833080.1,2,Brevibacillus sp. NRS-1366,TOMM precursor leader peptide-binding protein,False,RefSeq,Brevibacillus sp. NRS-1366,NRS-1366,GCF_050467985.1,NZ_JBITPN010000017.1,SAMN41009596,Brevibacillus sp. NRS-1366,Bacillota,Bacilli,Caryophanales,Paenibacillaceae,Brevibacillus,cellular organisms; Bacteria; Bacillati; Bacillota; Bacilli; Caryophanales; Paenibacillaceae; Brevibacillus; unclassified Brevibacillus,,1951-08-22,not collected,Microbe sample from Brevibacillus sp. NRS-1366,neighborhoods\WP_429833080_1.fasta,soil,,,,,False,True
Neobacillus,Neobacillus sp. SRL179,WP_490210862.1,WP_490210862.1,1,Neobacillus sp. SRL179,TOMM precursor leader peptide-binding protein,False,RefSeq,Neobacillus sp. SRL179,,GCF_984799095.1,NZ_OZ481792.1,SAMEA118781403,Neobacillus sp. SRL179,Bacillota,Bacilli,Caryophanales,Bacillaceae,Neobacillus,cellular organisms; Bacteria; Bacillati; Bacillota; Bacilli; Caryophanales; Bacillaceae; Neobacillus; unclassified Neobacillus,Olea europaea,2019-10-29,Greece,Microbe isolated from the root of Olea europaea,neighborhoods\WP_490210862_1.fasta,,,olive grove (ENVO:00000193),endophyte (ECOCORE:00000046),,False,True
Fictibacillus,Fictibacillus aquaticus,WP_379675173.1,WP_379675173.1,2,Fictibacillus aquaticus,TOMM precursor leader peptide-binding protein,False,RefSeq,Fictibacillus aquaticus,CCM 8782,GCF_042432325.1,NZ_JBHLXL010000001.1,SAMN43281648,Fictibacillus aquaticus,Bacillota,Bacilli,Caryophanales,Fictibacillaceae,Fictibacillus,cellular organisms; Bacteria; Bacillati; Bacillota; Bacilli; Caryophanales; Fictibacillaceae; Fictibacillus,,2020,missing,Microbe sample from Fictibacillus aquaticus,neighborhoods\WP_379675173_1.fasta,missing,,,,,True,True
Aneurinibacillus,Aneurinibacillus,WP_146811972.1,WP_146811972.1,2,Aneurinibacillus danicus; Aneurinibacillus sp. UBA3580,TOMM precursor leader peptide-binding protein,False,RefSeq,Aneurinibacillus sp. UBA3580,,GCF_002375825.1,NZ_DFMZ01000010.1,SAMN06452539,Aneurinibacillus sp. UBA3580,Bacillota,Bacilli,Caryophanales,Paenibacillaceae,Aneurinibacillus,cellular organisms; Bacteria; Bacillati; Bacillota; Bacilli; Caryophanales; Paenibacillaceae; Aneurinibacillus group; Aneurinibacillus; unclassified Aneurinibacillus,,not applicable,missing,Uncultivated Aneurinibacillus sp. UBA3580 genome recovered from SRX218560,neighborhoods\WP_146811972_1.fasta,topsoil,,,,,True,True
unclassified,unclassified Paenibacillus,WP_210022903.1,WP_210022903.1,12,Paenibacillus sp. PvP052; Paenibacillus sp. PvP091; Paenibacillus sp. PvR018; Paenibacillus sp. PvR052; Paenibacillus sp. PvR053; Paenibacillus sp. PvR098; Paenibacillus sp. PvR148,TOMM precursor leader peptide-binding protein,False,RefSeq,Paenibacillus sp. PvP091,PvP091,GCF_017832315.1,NZ_JAFIBN010000001.1,SAMN17693772,Paenibacillus sp. PvP091,Bacillota,Bacilli,Caryophanales,Paenibacillaceae,Paenibacillus,cellular organisms; Bacteria; Bacillati; Bacillota; Bacilli; Caryophanales; Paenibacillaceae; Paenibacillus; unclassified Paenibacillus,not applicable,missing,USA: Michigan,Paenibacillus sp. PvP091,neighborhoods\WP_210022903_1.fasta,missing,42.3956 N 85.3757 W,missing,missing,missing,False,False
Bacillus,Bacillus,WP_006636650.1,WP_006636650.1,74,Bacillus paralicheniformis; Bacillus sonorensis; Bacillus sonorensis L12; Bacillus sonorensis NBRC 101234 = KCTC 13918; Bacillus sp. (in: firmicutes); Bacillus sp. FSL W8-0940; Bacillus sp. KICET-3; Bacillus sp. KRF7; Bacillus sp. PM8313,TOMM precursor leader peptide-binding protein,False,RefSeq,Bacillus sonorensis L12,L12,GCF_000342105.1,NZ_AOFM01000003.1,SAMN02471705,Bacillus sonorensis L12,Bacillota,Bacilli,Caryophanales,Bacillaceae,Bacillus,cellular organisms; Bacteria; Bacillati; Bacillota; Bacilli; Caryophanales; Bacillaceae; Bacillus; Bacillus subtilis group; Bacillus sonorensis,,,Sudan: Khartoum,Sample from Bacillus sonorensis L12,neighborhoods\WP_006636650_1.fasta,milk- and legume-based primary starters used for Gergoush production,,,,,True,True
Paenibacillus,Paenibacillus sp. GYB004,WP_332074911.1,WP_332074911.1,1,Paenibacillus sp. GYB004,TOMM precursor leader peptide-binding protein,False,RefSeq,Paenibacillus sp. GYB004,GYB004,GCF_036577605.1,NZ_JARBDB010000059.1,SAMN31633340,Paenibacillus sp. GYB004,Bacillota,Bacilli,Caryophanales,Paenibacillaceae,Paenibacillus,cellular organisms; Bacteria; Bacillati; Bacillota; Bacilli; Caryophanales; Paenibacillaceae; Paenibacillus; unclassified Paenibacillus,Homo sapiens,2022-02-24,not applicable,MIGS Cultured Bacterial/Archaeal sample from Paenibacillus sp. GYB004,neighborhoods\WP_332074911_1.fasta,blood,not applicable,not applicable,not applicable,not applicable,False,True
Paenibacillus,Paenibacillus sp. FSL H8-0034,WP_341156358.1,WP_341156358.1,1,Paenibacillus sp. FSL H8-0034,TOMM precursor leader peptide-binding protein,False,RefSeq,Paenibacillus sp. FSL H8-0034,FSL H8-0034,GCF_038000305.1,NZ_JBBOBS010000001.1,SAMN29228823,Paenibacillus sp. FSL H8-0034,Bacillota,Bacilli,Caryophanales,Paenibacillaceae,Paenibacillus,cellular organisms; Bacteria; Bacillati; Bacillota; Bacilli; Caryophanales; Paenibacillaceae; Paenibacillus; unclassified Paenibacillus,not applicable,not collected,not applicable,WGS of Bacilli,neighborhoods\WP_341156358_1.fasta,"food, in process",,,,,False,True
Bacillus,Bacillus testis,WP_050614951.1,WP_050614951.1,1,Bacillus testis,TOMM precursor leader peptide-binding protein,False,RefSeq,Bacillus testis,SIT10,GCF_001243895.1,NZ_LN851186.1,SAMEA3393061,Bacillus testis,Bacillota,Bacilli,Caryophanales,Bacillaceae,Bacillus,cellular organisms; Bacteria; Bacillati; Bacillota; Bacilli; Caryophanales; Bacillaceae; Bacillus,,,not provided,Human gut genome,neighborhoods\WP_050614951_1.fasta,human gut,,human-associated habitat,,human gut,True,True
Seinonella,Seinonella peptonophila,WP_073152071.1,WP_073152071.1,2,Seinonella peptonophila,TOMM precursor leader peptide-binding protein,False,RefSeq,Seinonella peptonophila,DSM 44666,GCF_900129355.1,NZ_FQVL01000001.1,SAMN05444392,Seinonella peptonophila,Bacillota,Bacilli,Caryophanales,Thermoactinomycetaceae,Seinonella,cellular organisms; Bacteria; Bacillati; Bacillota; Bacilli; Caryophanales; Thermoactinomycetaceae; Seinonella,not applicable,missing,missing,Seinonella peptonophila DSM 44666,neighborhoods\WP_073152071_1.fasta,missing,missing,missing,missing,missing,True,True
Cohnella,Cohnella caldifontis,WP_276352366.1,WP_276352366.1,1,Cohnella caldifontis,TOMM precursor leader peptide-binding protein,False,RefSeq,Cohnella caldifontis,YIM B05605,GCF_029360585.1,NZ_JAQZSJ010000002.1,SAMN33238826,Cohnella caldifontis,Bacillota,Bacilli,Caryophanales,Paenibacillaceae,Cohnella,cellular organisms; Bacteria; Bacillati; Bacillota; Bacilli; Caryophanales; Paenibacillaceae; Cohnella,,2020-05-10,China,Microbe sample from Cohnella caldifontis,neighborhoods\WP_276352366_1.fasta,soil,,,,,True,True
Bacillus,Bacillus paralicheniformis,WP_079289573.1,WP_079289573.1,2,Bacillus paralicheniformis,TOMM precursor leader peptide-binding protein,False,RefSeq,Bacillus paralicheniformis,F47,GCF_002026335.1,NZ_MYFI01000100.1,SAMN06190353,Bacillus paralicheniformis,Bacillota,Bacilli,Caryophanales,Bacillaceae,Bacillus,cellular organisms; Bacteria; Bacillati; Bacillota; Bacilli; Caryophanales; Bacillaceae; Bacillus; Bacillus subtilis group,,2016-04-15,Algeria: Ain Baida-Ouargla,Bacillus paralicheniformis F47,neighborhoods\WP_079289573_1.fasta,water-salt lake,31.9453 N 5.3953 E,Salty African lake,Water,Lake,True,True
Brevibacillus,Brevibacillus sp. LEMMJ03,WP_044899156.1,WP_044899156.1,2,Brevibacillus sp. LEMMJ03,TOMM precursor leader peptide-binding protein,False,RefSeq,Brevibacillus sp. LEMMJ03,LEMMJ03,GCF_007197875.1,NZ_VKJN01000024.1,SAMN12256763,Brevibacillus sp. LEMMJ03,Bacillota,Bacilli,Caryophanales,Paenibacillaceae,Brevibacillus,cellular organisms; Bacteria; Bacillati; Bacillota; Bacilli; Caryophanales; Paenibacillaceae; Brevibacillus; unclassified Brevibacillus,,2015-12-20,"Antarctica: Whalers Bay, Deception Island",MIGS Cultured Bacterial/Archaeal sample from Brevibacillus sp. LEMMJ03,neighborhoods\WP_044899156_1.fasta,,62.58 S 60.33 W,ENVO:01000309,Sediment,ENVO:00000316,False,True
Cytobacillus,Cytobacillus sp. Hz8,WP_375842047.1,WP_375842047.1,2,Cytobacillus sp. Hz8,TOMM precursor leader peptide-binding protein,False,RefSeq,Cytobacillus sp. Hz8,Hz8,GCF_042263505.1,NZ_JBHKFI010000010.1,SAMN43772808,Cytobacillus sp. Hz8,Bacillota,Bacilli,Caryophanales,Bacillaceae,Cytobacillus,cellular organisms; Bacteria; Bacillati; Bacillota; Bacilli; Caryophanales; Bacillaceae; Cytobacillus; unclassified Cytobacillus,,2022,South Korea,Microbe sample from Cytobacillus sp. Hz8,neighborhoods\WP_375842047_1.fasta,fresh soil,,,,,False,True
Alteribacillus,Alteribacillus sp. JSM 102045,WP_375006222.1,WP_375006222.1,2,Alteribacillus sp. JSM 102045,TOMM precursor leader peptide-binding protein,False,RefSeq,Alteribacillus sp. JSM 102045,JSM 102045,GCF_041949975.1,NZ_JBHFQG010000003.1,SAMN43578132,Alteribacillus sp. JSM 102045,Bacillota,Bacilli,Caryophanales,Bacillaceae,Alteribacillus,cellular organisms; Bacteria; Bacillati; Bacillota; Bacilli; Caryophanales; Bacillaceae; Alteribacillus; unclassified Alteribacillus,,2012-10-18,China: Hunan,Microbe sample from Alteribacillus sp. JSM 102045,neighborhoods\WP_375006222_1.fasta,non-saline soil,,,,,False,True
Bacillus,Bacillus sp. SA1-12,WP_046589905.1,WP_046589905.1,2,Bacillus sp. SA1-12,TOMM precursor leader peptide-binding protein,False,RefSeq,Bacillus sp. SA1-12,SA1-12,GCF_000981385.1,NZ_LATZ01000132.1,SAMN03453603,Bacillus sp. SA1-12,Bacillota,Bacilli,Caryophanales,Bacillaceae,Bacillus,cellular organisms; Bacteria; Bacillati; Bacillota; Bacilli; Caryophanales; Bacillaceae; Bacillus; unclassified Bacillus (in: firmicutes),,2011-09,"India: Thamaraikulam, Kanyakumari",Bacillus tuticoriensis (Strain SA1-12) sp. nov. Genome sequencing and assembly,neighborhoods\WP_046589905_1.fasta,solar saltern,,,,,False,True
unclassified,unclassified Paenibacillus,WP_379368056.1,WP_379368056.1,4,Paenibacillus sp. GCM10027630; Paenibacillus sp. M.A.Huq-84,TOMM precursor leader peptide-binding protein,False,RefSeq,Paenibacillus sp. GCM10027630,CGMCC 1.60097,GCF_042676305.1,NZ_JBHTGY010000033.1,SAMN43284471,Paenibacillus sp. GCM10027630,Bacillota,Bacilli,Caryophanales,Paenibacillaceae,Paenibacillus,cellular organisms; Bacteria; Bacillati; Bacillota; Bacilli; Caryophanales; Paenibacillaceae; Paenibacillus; unclassified Paenibacillus,,2023,missing,Microbe sample from Paenibacillus sp. GCM10027630,neighborhoods\WP_379368056_1.fasta,missing,,,,,False,False
Bacillota,Bacillota bacterium,MGM0877780.1,MGM0877780.1,1,Bacillota bacterium,TOMM precursor leader peptide-binding protein,False,GenBank/INSDC,Bacillota bacterium,not collected,GCA_051750265.1,JBNJJO010000032.1,SAMN45962191,Bacillota bacterium,Bacillota,,,,,cellular organisms; Bacteria; Bacillati; Bacillota; unclassified Bacillota,not collected,2024-03-11,China: Xinjiang,MIMAG Metagenome-assembled Genome sample from Bacillota bacterium,neighborhoods\MGM0877780_1.fasta,salt lake,43.6643 N 92.7978 E,missing,missing,missing,False,True
Paenibacillus,Paenibacillus allorhizosphaerae,WP_218096585.1,WP_218096585.1,3,Paenibacillus allorhizosphaerae,TOMM precursor leader peptide-binding protein,False,RefSeq,Paenibacillus allorhizosphaerae,CCM 9021,GCF_042659105.1,NZ_JBHSRV010000001.1,SAMN43284213,Paenibacillus allorhizosphaerae,Bacillota,Bacilli,Caryophanales,Paenibacillaceae,Paenibacillus,cellular organisms; Bacteria; Bacillati; Bacillota; Bacilli; Caryophanales; Paenibacillaceae; Paenibacillus,,2023,missing,Microbe sample from Paenibacillus allorhizosphaerae,neighborhoods\WP_218096585_1.fasta,missing,,,,,True,True
Neobacillus,Neobacillus niacini,WP_310192601.1,WP_310192601.1,2,Neobacillus niacini,TOMM precursor leader peptide-binding protein,False,RefSeq,Neobacillus niacini,BE203,GCF_031457145.1,NZ_JAVDVZ010000002.1,SAMN18242897,Neobacillus niacini,Bacillota,Bacilli,Caryophanales,Bacillaceae,Neobacillus,cellular organisms; Bacteria; Bacillati; Bacillota; Bacilli; Caryophanales; Bacillaceae; Neobacillus,not applicable,missing,USA: Ithaca,Neobacillus niacini BE203,neighborhoods\WP_310192601_1.fasta,missing,42.444 N 76.5019 W,missing,missing,missing,True,True
Neobacillus,Neobacillus sp. K501,WP_454817849.1,WP_454817849.1,2,Neobacillus sp. K501,TOMM precursor leader peptide-binding protein,False,RefSeq,Neobacillus sp. K501,K501,GCF_053749995.1,NZ_JBSLYA010000003.1,SAMN50614892,Neobacillus sp. K501,Bacillota,Bacilli,Caryophanales,Bacillaceae,Neobacillus,cellular organisms; Bacteria; Bacillati; Bacillota; Bacilli; Caryophanales; Bacillaceae; Neobacillus; unclassified Neobacillus,Halyomorpha halys,2023-07,Turkey,Microbe sample from Neobacillus sp. K501,neighborhoods\WP_454817849_1.fasta,,,,,,False,True
Bacillus,Bacillus sp. T33-2,WP_101585583.1,WP_101585583.1,2,Bacillus sp. T33-2,TOMM precursor leader peptide-binding protein,False,RefSeq,Bacillus sp. T33-2,T33-2,GCF_002860205.1,NZ_PGVB01000054.1,SAMN08028473,Bacillus sp. T33-2,Bacillota,Bacilli,Caryophanales,Bacillaceae,Bacillus,cellular organisms; Bacteria; Bacillati; Bacillota; Bacilli; Caryophanales; Bacillaceae; Bacillus; unclassified Bacillus (in: firmicutes),,1974-05-31,USA,Microbe sample from Bacillus sp. T33-2,neighborhoods\WP_101585583_1.fasta,spacecraft hardware,,,,,False,True
uncultured,uncultured Paenibacillus sp.,WP_313998428.1,WP_313998428.1,1,uncultured Paenibacillus sp.,TOMM precursor leader peptide-binding protein,False,RefSeq,uncultured Paenibacillus sp.,,GCF_963515335.1,NZ_CAUPYC010000010.1,SAMEA114445000,uncultured Paenibacillus sp.,Bacillota,Bacilli,Caryophanales,Paenibacillaceae,Paenibacillus,cellular organisms; Bacteria; Bacillati; Bacillota; Bacilli; Caryophanales; Paenibacillaceae; Paenibacillus; environmental samples,,2006-07-19,Australia,Metagenome-Assembled Genome: ERR9969061_bin.1_MetaWRAP_v1.3_MAG,neighborhoods\WP_313998428_1.fasta,oral metagenome,,human digestive system,plaque biofilm,,False,True
Paenibacillus,Paenibacillus sp. S-38,WP_426452717.1,WP_426452717.1,2,Paenibacillus sp. S-38,TOMM precursor leader peptide-binding protein,False,RefSeq,Paenibacillus sp. S-38,S-38,GCF_049942825.1,NZ_CP187970.1,SAMN48010939,Paenibacillus sp. S-38,Bacillota,Bacilli,Caryophanales,Paenibacillaceae,Paenibacillus,cellular organisms; Bacteria; Bacillati; Bacillota; Bacilli; Caryophanales; Paenibacillaceae; Paenibacillus; unclassified Paenibacillus,,2018-11,"USA: Iowa State University Marsden Farm, Boone, Co., Iowa",Microbe sample from Paenibacillus sp. S-38,neighborhoods\WP_426452717_1.fasta,bulk field soil,42.01 N 93.47 W,,,,False,True
Bacillota,Bacillota bacterium,MGM0901813.1,MGM0901813.1,1,Bacillota bacterium,TOMM precursor leader peptide-binding protein,False,GenBank/INSDC,Bacillota bacterium,not collected,GCA_051750825.1,JBNJKB010000005.1,SAMN45962178,Bacillota bacterium,Bacillota,,,,,cellular organisms; Bacteria; Bacillati; Bacillota; unclassified Bacillota,not collected,2024-03-11,China: Xinjiang,MIMAG Metagenome-assembled Genome sample from Bacillota bacterium,neighborhoods\MGM0901813_1.fasta,salt lake,43.6643 N 92.7978 E,missing,missing,missing,False,True
Paenibacillus,Paenibacillus sp. RC67,WP_282937361.1,WP_282937361.1,1,Paenibacillus sp. RC67,TOMM precursor leader peptide-binding protein,False,RefSeq,Paenibacillus sp. RC67,RC67,GCF_030020805.1,NZ_CP125098.1,SAMN33969015,Paenibacillus sp. RC67,Bacillota,Bacilli,Caryophanales,Paenibacillaceae,Paenibacillus,cellular organisms; Bacteria; Bacillati; Bacillota; Bacilli; Caryophanales; Paenibacillaceae; Paenibacillus; unclassified Paenibacillus,,2020,"USA: Massachusetts, Petersham",MIGS Cultured Bacterial/Archaeal sample from Paenibacillus sp. RC67,neighborhoods\WP_282937361_1.fasta,,42.54 N 72.18 W,see publication for details,see publication for details,see publication for details,False,True
Peribacillus,Peribacillus sp. NPDC097225,WP_403124651.1,WP_403124651.1,2,Peribacillus sp. NPDC097225,TOMM precursor leader peptide-binding protein,False,RefSeq,Peribacillus sp. NPDC097225,NPDC097225,GCF_044761955.1,NZ_JBIWDJ010000006.1,SAMN43998112,Peribacillus sp. NPDC097225,Bacillota,Bacilli,Caryophanales,Bacillaceae,Peribacillus,cellular organisms; Bacteria; Bacillati; Bacillota; Bacilli; Caryophanales; Bacillaceae; Peribacillus; unclassified Peribacillus,,not applicable,not applicable,MIGS Cultured Bacterial/Archaeal sample from Peribacillus sp. NPDC097225,neighborhoods\WP_403124651_1.fasta,,not applicable,not applicable,not applicable,not applicable,False,True
Paenibacillus,Paenibacillus mucilaginosus KNP414,AEI44782.1,AEI44782.1,1,Paenibacillus mucilaginosus KNP414,protein of unknown function DUF181,False,GenBank/INSDC,Paenibacillus mucilaginosus KNP414,KNP414,GCA_000218915.1,CP002869.1,SAMN02603153,Paenibacillus mucilaginosus KNP414,Bacillota,Bacilli,Caryophanales,Paenibacillaceae,Paenibacillus,cellular organisms; Bacteria; Bacillati; Bacillota; Bacilli; Caryophanales; Paenibacillaceae; Paenibacillus; Paenibacillus mucilaginosus,,,,Sample from Paenibacillus mucilaginosus KNP414,neighborhoods\AEI44782_1.fasta,,,,,,True,True
Paenibacillus,Paenibacillus sp. sgz302191,WP_488437141.1,WP_488437141.1,1,Paenibacillus sp. sgz302191,TOMM precursor leader peptide-binding protein,False,RefSeq,Paenibacillus sp. sgz302191,sgz302191,GCF_057749925.1,NZ_JBYLHY010000018.1,SAMN60242934,Paenibacillus sp. sgz302191,Bacillota,Bacilli,Caryophanales,Paenibacillaceae,Paenibacillus,cellular organisms; Bacteria; Bacillati; Bacillota; Bacilli; Caryophanales; Paenibacillaceae; Paenibacillus; unclassified Paenibacillus,,2025-07-05,China:Fujian,Microbe sample from Paenibacillus sp. sgz302191,neighborhoods\WP_488437141_1.fasta,paddy soil,,,,,False,True
Paenibacillus,Paenibacillus darwinianus,WP_036581690.1,WP_036581690.1,9,Paenibacillus darwinianus,TOMM precursor leader peptide-binding protein,False,RefSeq,Paenibacillus darwinianus,Br,GCF_000598065.1,NZ_KK082213.1,SAMN02644516,Paenibacillus darwinianus,Bacillota,Bacilli,Caryophanales,Paenibacillaceae,Paenibacillus,cellular organisms; Bacteria; Bacillati; Bacillota; Bacilli; Caryophanales; Paenibacillaceae; Paenibacillus,,2007-12-20,"Antarctica: Britannia Drift, Transantarctic Mountains",Microbe sample from Paenibacillus darwinianus,neighborhoods\WP_036581690_1.fasta,gamma-irradiated soil,,,,,True,True
Neobacillus,Neobacillus mesonae,WP_251472053.1,WP_251472053.1,2,Neobacillus mesonae,TOMM precursor leader peptide-binding protein,False,RefSeq,Neobacillus mesonae,MER TA 107,GCF_023715155.1,NZ_JAMBNQ010000026.1,SAMN28071820,Neobacillus mesonae,Bacillota,Bacilli,Caryophanales,Bacillaceae,Neobacillus,cellular organisms; Bacteria; Bacillati; Bacillota; Bacilli; Caryophanales; Bacillaceae; Neobacillus,,2013-08-09,USA,Microbe sample from Neobacillus mesonae,neighborhoods\WP_251472053_1.fasta,spacecraft surface,,,,,True,True
Brevibacillus,Brevibacillus sp. AY1,WP_280209077.1,WP_280209077.1,2,Brevibacillus sp. AY1,TOMM precursor leader peptide-binding protein,False,RefSeq,Brevibacillus sp. AY1,AY1,GCF_029870785.1,NZ_JAFLPN010000038.1,SAMN18063050,Brevibacillus sp. AY1,Bacillota,Bacilli,Caryophanales,Paenibacillaceae,Brevibacillus,cellular organisms; Bacteria; Bacillati; Bacillota; Bacilli; Caryophanales; Paenibacillaceae; Brevibacillus; unclassified Brevibacillus,,2020-10-12,China:Nanchang Province,Microbe sample from Brevibacillus sp. AY1,neighborhoods\WP_280209077_1.fasta,soil,,,,,False,True
Paenalicyclobacillus,Paenalicyclobacillus herbarius,WP_026961485.1,WP_026961485.1,1,Alicyclobacillus herbarius DSM 13609,TOMM precursor leader peptide-binding protein,False,RefSeq,Alicyclobacillus herbarius DSM 13609,DSM 13609,GCF_000430585.1,NZ_AUMH01000005.1,SAMN02440806,Alicyclobacillus herbarius DSM 13609,Bacillota,Bacilli,Caryophanales,Alicyclobacillaceae,Paenalicyclobacillus,cellular organisms; Bacteria; Bacillati; Bacillota; Bacilli; Caryophanales; Alicyclobacillaceae; Paenalicyclobacillus; Paenalicyclobacillus herbarius,,,,Generic sample from Alicyclobacillus herbarius DSM 13609,neighborhoods\WP_026961485_1.fasta,,,,,,True,False
Cytobacillus,Cytobacillus praedii,WP_419394361.1,WP_419394361.1,2,Cytobacillus praedii,TOMM precursor leader peptide-binding protein,False,RefSeq,Cytobacillus praedii,MM2025,GCF_048541635.1,NZ_CP183326.1,SAMN47099659,Cytobacillus praedii,Bacillota,Bacilli,Caryophanales,Bacillaceae,Cytobacillus,cellular organisms; Bacteria; Bacillati; Bacillota; Bacilli; Caryophanales; Bacillaceae; Cytobacillus,,2024-09,Denmark: Malling,Microbe sample from Cytobacillus praedii,neighborhoods\WP_419394361_1.fasta,soil,56.0 N 10.12 E,,,,True,True
Bacillus,Bacillus sp. V33-4,WP_101665729.1,WP_101665729.1,2,Bacillus sp. V33-4,TOMM precursor leader peptide-binding protein,False,RefSeq,Bacillus sp. V33-4,V33-4,GCF_002860225.1,NZ_PGVC01000022.1,SAMN08028477,Bacillus sp. V33-4,Bacillota,Bacilli,Caryophanales,Bacillaceae,Bacillus,cellular organisms; Bacteria; Bacillati; Bacillota; Bacilli; Caryophanales; Bacillaceae; Bacillus; unclassified Bacillus (in: firmicutes),,1974-05-31,USA,Microbe sample from Bacillus sp. V33-4,neighborhoods\WP_101665729_1.fasta,spacecraft hardware,,,,,False,True
Paenibacillus,Paenibacillus ferrarius,WP_079409246.1,WP_079409246.1,2,Paenibacillus ferrarius,TOMM precursor leader peptide-binding protein,False,RefSeq,Paenibacillus ferrarius,CY1,GCF_002027705.1,NZ_MBTG01000002.1,SAMN05437217,Paenibacillus ferrarius,Bacillota,Bacilli,Caryophanales,Paenibacillaceae,Paenibacillus,cellular organisms; Bacteria; Bacillati; Bacillota; Bacilli; Caryophanales; Paenibacillaceae; Paenibacillus,,2014-02-10,China: Zhangjiajie,Microbe sample from Paenibacillus ferrarius,neighborhoods\WP_079409246_1.fasta,iron mineral soil,,,,,True,True
Guptibacillus,Guptibacillus hwajinpoensis,WP_224884942.1,WP_224884942.1,2,Guptibacillus hwajinpoensis,TOMM precursor leader peptide-binding protein,False,RefSeq,Guptibacillus hwajinpoensis,AmN0-1,GCF_020171785.1,NZ_JAIVAE010000016.1,SAMN21542854,Guptibacillus hwajinpoensis,Bacillota,Bacilli,Caryophanales,Guptibacillaceae,Guptibacillus,cellular organisms; Bacteria; Bacillati; Bacillota; Bacilli; Caryophanales; Guptibacillaceae; Guptibacillus,,2021-01-13,China:Shenzhen,MIGS Cultured Bacterial/Archaeal sample from Guptibacillus hwajinpoensis,neighborhoods\WP_224884942_1.fasta,,22.540 N 114.597 E,Mangrove rhizosphere sediment,sediment,offshore,True,True
Brevibacillus,Brevibacillus choshinensis,WP_327992999.1,WP_327992999.1,2,Brevibacillus choshinensis,TOMM precursor leader peptide-binding protein,False,RefSeq,Brevibacillus choshinensis,NRS-379,GCF_036222365.1,NZ_JARTHU010000003.1,SAMN33941060,Brevibacillus choshinensis,Bacillota,Bacilli,Caryophanales,Paenibacillaceae,Brevibacillus,cellular organisms; Bacteria; Bacillati; Bacillota; Bacilli; Caryophanales; Paenibacillaceae; Brevibacillus,,1950-10-11,USA,Microbe sample from Brevibacillus choshinensis,neighborhoods\WP_327992999_1.fasta,soil,,,,,True,True
Bacillus,Bacillus paralicheniformis,WP_326142141.1,WP_326142141.1,2,Bacillus paralicheniformis,TOMM precursor leader peptide-binding protein,False,RefSeq,Bacillus paralicheniformis,B-41824,GCF_035808755.1,NZ_JARSGU010000047.1,SAMN33940627,Bacillus paralicheniformis,Bacillota,Bacilli,Caryophanales,Bacillaceae,Bacillus,cellular organisms; Bacteria; Bacillati; Bacillota; Bacilli; Caryophanales; Bacillaceae; Bacillus; Bacillus subtilis group,,2006-12-05,Antarctica,Microbe sample from Bacillus paralicheniformis,neighborhoods\WP_326142141_1.fasta,soil,,,,,True,True
Bacillus,Bacillus sp. CECT 9360,WP_230126401.1,WP_230126401.1,2,Bacillus sp. CECT 9360,TOMM precursor leader peptide-binding protein,False,RefSeq,Bacillus sp. CECT 9360,CECT 9360,GCF_918741275.1,NZ_CAKKNA010000001.1,SAMEA10029473,Bacillus sp. CECT 9360,Bacillota,Bacilli,Caryophanales,Bacillaceae,Bacillus,cellular organisms; Bacteria; Bacillati; Bacillota; Bacilli; Caryophanales; Bacillaceae; Bacillus; unclassified Bacillus (in: firmicutes),,2017-03-07,Spain,Bacillus sp. CECT 9360,neighborhoods\WP_230126401_1.fasta,drinking water from drinking water treatment plant,,,,,False,True
Priestia,Priestia megaterium,WP_328262002.1,WP_328262002.1,2,Priestia megaterium,TOMM precursor leader peptide-binding protein,False,RefSeq,Priestia megaterium,B-1370,GCF_036224165.1,NZ_JARMWM010000002.1,SAMN33769836,Priestia megaterium,Bacillota,Bacilli,Caryophanales,Bacillaceae,Priestia,cellular organisms; Bacteria; Bacillati; Bacillota; Bacilli; Caryophanales; Bacillaceae; Priestia,,1952-06-18,not collected,Microbe sample from Priestia megaterium,neighborhoods\WP_328262002_1.fasta,not collected,,,,,True,True
Metabacillus,Metabacillus sediminis,WP_338780278.1,WP_338780278.1,2,Metabacillus sediminis,TOMM precursor leader peptide-binding protein,False,RefSeq,Metabacillus sediminis,FJAT-52054,GCF_037201815.1,NZ_CP147407.1,SAMN39644992,Metabacillus sediminis,Bacillota,Bacilli,Caryophanales,Bacillaceae,Metabacillus,cellular organisms; Bacteria; Bacillati; Bacillota; Bacilli; Caryophanales; Bacillaceae; Metabacillus,sediment,2019-05-29,China: Fujian,Microbe sample from Metabacillus sediminis,neighborhoods\WP_338780278_1.fasta,marine sediment,,,,,True,True
Fictibacillus,Fictibacillus terranigra,WP_290401984.1,WP_290401984.1,2,Fictibacillus terranigra,TOMM precursor leader peptide-binding protein,False,RefSeq,Fictibacillus terranigra,CENA-BCM004,GCF_030412265.1,NZ_JAUHLN010000007.1,SAMN35999011,Fictibacillus terranigra,Bacillota,Bacilli,Caryophanales,Fictibacillaceae,Fictibacillus,cellular organisms; Bacteria; Bacillati; Bacillota; Bacilli; Caryophanales; Fictibacillaceae; Fictibacillus,,2018-10-15,"Brazil: Iranduba, Manaus",Microbe sample from Fictibacillus terranigra,neighborhoods\WP_290401984_1.fasta,rhizosphere,3.26 S 60.20 W,Tropical woodland biome,soil,Forest,True,True
Tumebacillus,Tumebacillus flagellatus,WP_038086146.1,WP_038086146.1,2,Tumebacillus flagellatus,TOMM precursor leader peptide-binding protein,False,RefSeq,Tumebacillus flagellatus,GST4,GCF_000714935.1,NZ_JMIR01000008.1,SAMN02739931,Tumebacillus flagellatus,Bacillota,Bacilli,Caryophanales,Alicyclobacillaceae,Tumebacillus,cellular organisms; Bacteria; Bacillati; Bacillota; Bacilli; Caryophanales; Alicyclobacillaceae; Tumebacillus,,2013,China:Nanning,Microbe sample from Tumebacillus flagellatus,neighborhoods\WP_038086146_1.fasta,wastewater of a cassava starch factory,,,,,True,True
Bacillus,Bacillus paralicheniformis,WP_095289919.1,WP_095289919.1,10,Bacillus paralicheniformis,TOMM precursor leader peptide-binding protein,False,RefSeq,Bacillus paralicheniformis,CP47,GCF_031326025.1,NZ_CP133705.1,SAMN37220621,Bacillus paralicheniformis,Bacillota,Bacilli,Caryophanales,Bacillaceae,Bacillus,cellular organisms; Bacteria; Bacillati; Bacillota; Bacilli; Caryophanales; Bacillaceae; Bacillus; Bacillus subtilis group,,2018-01,South Korea: Busan,Microbe sample from Bacillus paralicheniformis,neighborhoods\WP_095289919_1.fasta,Soybean fermented food,,,,,True,True
Paenibacillus,Paenibacillus piri,WP_133227702.1,WP_133227702.1,2,Paenibacillus piri,TOMM precursor leader peptide-binding protein,False,RefSeq,Paenibacillus piri,MS74,GCF_004354045.1,NZ_SMRT01000004.1,SAMN11098701,Paenibacillus piri,Bacillota,Bacilli,Caryophanales,Paenibacillaceae,Paenibacillus,cellular organisms; Bacteria; Bacillati; Bacillota; Bacilli; Caryophanales; Paenibacillaceae; Paenibacillus,,2016-06-15,South Korea: Seoul,Microbe sample from Paenibacillus piri,neighborhoods\WP_133227702_1.fasta,soil,37.535111 N 126.974361 E,,,,True,True
Anaerobacillus,Anaerobacillus sp. MEB173,WP_441422930.1,WP_441422930.1,2,Anaerobacillus sp. MEB173,TOMM precursor leader peptide-binding protein,False,RefSeq,Anaerobacillus sp. MEB173,MEB173,GCF_052119505.1,NZ_JBJMAU010000010.1,SAMN45087831,Anaerobacillus sp. MEB173,Bacillota,Bacilli,Caryophanales,Bacillaceae,Anaerobacillus,cellular organisms; Bacteria; Bacillati; Bacillota; Bacilli; Caryophanales; Bacillaceae; Anaerobacillus; unclassified Anaerobacillus,,2011-09-27,India: Lonar,MIGS Cultured Bacterial/Archaeal sample from Anaerobacillus sp. MEB173,neighborhoods\WP_441422930_1.fasta,,19.58 N 76.30 E,Lonar Lake,Sediment,Lonar Lake sediment,False,True
unclassified,unclassified Oceanobacillus,WP_336253096.1,WP_336253096.1,2,Oceanobacillus sp. MO10714A; Oceanobacillus sp. SE10311,TOMM precursor leader peptide-binding protein,False,RefSeq,Oceanobacillus sp. SE10311,SE 10311,GCF_037072065.1,NZ_JAXHDB010000039.1,SAMN38440221,Oceanobacillus sp. SE10311,Bacillota,Bacilli,Caryophanales,Bacillaceae,Oceanobacillus,cellular organisms; Bacteria; Bacillati; Bacillota; Bacilli; Caryophanales; Bacillaceae; Oceanobacillus; unclassified Oceanobacillus,,2019-09-10,"Philippines: Mount Makiling, South Luzon",Microbe sample from Oceanobacillus sp. SE10311,neighborhoods\WP_336253096_1.fasta,sediment,,,,,False,False
Paenibacillus,Paenibacillus chartarius,WP_377473303.1,WP_377473303.1,2,Paenibacillus chartarius,TOMM precursor leader peptide-binding protein,False,RefSeq,Paenibacillus chartarius,CCM 7759,GCA_042432825.1,JBHLWN010000102.1,SAMN43281622,Paenibacillus chartarius,Bacillota,Bacilli,Caryophanales,Paenibacillaceae,Paenibacillus,cellular organisms; Bacteria; Bacillati; Bacillota; Bacilli; Caryophanales; Paenibacillaceae; Paenibacillus,,2022,missing,Microbe sample from Paenibacillus chartarius,neighborhoods\WP_377473303_1.fasta,missing,,,,,True,True
Brevibacillus,Brevibacillus choshinensis,WP_203354254.1,WP_203354254.1,2,Brevibacillus choshinensis,TOMM precursor leader peptide-binding protein,False,RefSeq,Brevibacillus choshinensis,HPD31-SP3,GCF_016811915.1,NZ_CP069127.1,SAMN17574810,Brevibacillus choshinensis,Bacillota,Bacilli,Caryophanales,Paenibacillaceae,Brevibacillus,cellular organisms; Bacteria; Bacillati; Bacillota; Bacilli; Caryophanales; Paenibacillaceae; Brevibacillus,,2021-01-26,China:Wuxi,Microbe sample from Brevibacillus choshinensis,neighborhoods\WP_203354254_1.fasta,not applicable,,,,,True,True
Paenibacillus,Paenibacillus sp. J2TS4,WP_249730408.1,WP_249730408.1,1,Paenibacillus sp. J2TS4,TOMM precursor leader peptide-binding protein,False,RefSeq,Paenibacillus sp. J2TS4,J2TS4,GCF_018403245.1,NZ_BOSH01000002.1,SAMD00277631,Paenibacillus sp. J2TS4,Bacillota,Bacilli,Caryophanales,Paenibacillaceae,Paenibacillus,cellular organisms; Bacteria; Bacillati; Bacillota; Bacilli; Caryophanales; Paenibacillaceae; Paenibacillus; unclassified Paenibacillus,,2018-03-13,Japan,Paenibacillus sp. J2TS4,neighborhoods\WP_249730408_1.fasta,,not applicable,not applicable,honey,not applicable,False,True
Paenibacillus,Paenibacillus macerans,WP_316561576.1,WP_316561576.1,2,Paenibacillus macerans,TOMM precursor leader peptide-binding protein,False,RefSeq,Paenibacillus macerans,,GCF_032576795.1,NZ_JAWFWM010000170.1,SAMN11391510,Paenibacillus macerans,Bacillota,Bacilli,Caryophanales,Paenibacillaceae,Paenibacillus,cellular organisms; Bacteria; Bacillati; Bacillota; Bacilli; Caryophanales; Paenibacillaceae; Paenibacillus,,2014,"USA: Pittsburgh, Magee-Womens Hospital of UPMC",MIMAG Metagenome-assembled Genome sample from Paenibacillus macerans,neighborhoods\WP_316561576_1.fasta,infant feces,40.4308 N 79.9598 W,feces,feces,infant,True,True
Aneurinibacillus,Aneurinibacillus aneurinilyticus,WP_378432723.1,WP_378432723.1,2,Aneurinibacillus aneurinilyticus,TOMM precursor leader peptide-binding protein,False,RefSeq,Aneurinibacillus aneurinilyticus,NPDC056855,GCF_042789185.1,NZ_JBHUBK010000040.1,SAMN43795963,Aneurinibacillus aneurinilyticus,Bacillota,Bacilli,Caryophanales,Paenibacillaceae,Aneurinibacillus,cellular organisms; Bacteria; Bacillati; Bacillota; Bacilli; Caryophanales; Paenibacillaceae; Aneurinibacillus group; Aneurinibacillus,,2010-01-01,China,MIGS Cultured Bacterial/Archaeal sample from Aneurinibacillus aneurinilyticus,neighborhoods\WP_378432723_1.fasta,,not applicable,not applicable,not applicable,not applicable,True,True
Bacillus,Bacillus sp. URHA0034,WP_476028277.1,WP_476028277.1,2,Bacillus sp. URHA0034,TOMM precursor leader peptide-binding protein,False,RefSeq,Bacillus sp. URHA0034,URHA0034,GCF_056280405.1,NZ_JBWCDK010000002.1,SAMN55954516,Bacillus sp. URHA0034,Bacillota,Bacilli,Caryophanales,Bacillaceae,Bacillus,cellular organisms; Bacteria; Bacillati; Bacillota; Bacilli; Caryophanales; Bacillaceae; Bacillus; unclassified Bacillus (in: firmicutes),not applicable,missing,"USA: Hopland Research and Extension Center, California",Bacillus sp. URHA0034,neighborhoods\WP_476028277_1.fasta,,39.0006446 N 123.0824317 W,,,,False,True
Ectobacillus,Ectobacillus antri,WP_124565724.1,WP_124565724.1,3,Ectobacillus antri,TOMM precursor leader peptide-binding protein,False,RefSeq,Ectobacillus antri,CGMCC 1.13871,GCF_042656645.1,NZ_JBHSPI010000024.1,SAMN43282760,Ectobacillus antri,Bacillota,Bacilli,Caryophanales,Bacillaceae,Ectobacillus,cellular organisms; Bacteria; Bacillati; Bacillota; Bacilli; Caryophanales; Bacillaceae; Ectobacillus,,2022,missing,Microbe sample from Ectobacillus antri,neighborhoods\WP_124565724_1.fasta,missing,,,,,True,True
Paenibacillus,Paenibacillus sp. GP183,WP_090792359.1,WP_090792359.1,2,Paenibacillus sp. GP183,TOMM precursor leader peptide-binding protein,False,RefSeq,Paenibacillus sp. GP183,GP183,GCF_900104695.1,NZ_FNSW01000001.1,SAMN05443246,Paenibacillus sp. GP183,Bacillota,Bacilli,Caryophanales,Paenibacillaceae,Paenibacillus,cellular organisms; Bacteria; Bacillati; Bacillota; Bacilli; Caryophanales; Paenibacillaceae; Paenibacillus; unclassified Paenibacillus,not applicable,missing,"USA: Harvard Forest, Massachusetts",Paenibacillus sp. GP183,neighborhoods\WP_090792359_1.fasta,missing,42.5400 N 72.18 W,missing,missing,missing,False,True
Neobacillus,Neobacillus sp. plas4,WP_484673442.1,WP_484673442.1,1,Neobacillus sp. plas4,TOMM precursor leader peptide-binding protein,False,RefSeq,Neobacillus sp. plas4,plas4,GCF_057221695.1,NZ_CM170152.1,SAMN57266061,Neobacillus sp. plas4,Bacillota,Bacilli,Caryophanales,Bacillaceae,Neobacillus,cellular organisms; Bacteria; Bacillati; Bacillota; Bacilli; Caryophanales; Bacillaceae; Neobacillus; unclassified Neobacillus,cattle tick,2024-09-20,China: Hunan,MIGS Cultured Bacterial/Archaeal sample from Neobacillus sp. plas4,neighborhoods\WP_484673442_1.fasta,,27.5 N 111.5 E,ENVO:00000428,ENVO:00010483,ENVO:00010483,False,True
Psychrobacillus,Psychrobacillus sp. FSL H8-0483,WP_342598111.1,WP_342598111.1,2,Psychrobacillus sp. FSL H8-0483,TOMM precursor leader peptide-binding protein,False,RefSeq,Psychrobacillus sp. FSL H8-0483,FSL H8-0483,GCF_038637725.1,NZ_CP152052.1,SAMN25893855,Psychrobacillus sp. FSL H8-0483,Bacillota,Bacilli,Caryophanales,Bacillaceae,Psychrobacillus,cellular organisms; Bacteria; Bacillati; Bacillota; Bacilli; Caryophanales; Bacillaceae; Psychrobacillus; unclassified Psychrobacillus,not applicable,not collected,not applicable,WGS of Bacilli,neighborhoods\WP_342598111_1.fasta,water from parlor hose,,,,,False,True
Paenibacillus,Paenibacillus sp. J31TS4,WP_213522261.1,WP_213522261.1,2,Paenibacillus sp. J31TS4,TOMM precursor leader peptide-binding protein,False,RefSeq,Paenibacillus sp. J31TS4,J31TS4,GCF_018403265.1,NZ_BOSI01000001.1,SAMD00277632,Paenibacillus sp. J31TS4,Bacillota,Bacilli,Caryophanales,Paenibacillaceae,Paenibacillus,cellular organisms; Bacteria; Bacillati; Bacillota; Bacilli; Caryophanales; Paenibacillaceae; Paenibacillus; unclassified Paenibacillus,,2018-06-12,Japan,Paenibacillus sp. J31TS4,neighborhoods\WP_213522261_1.fasta,,not applicable,not applicable,honey,not applicable,False,True
Paenibacillus,Paenibacillus sp. NPDC056579,WP_379455811.1,WP_379455811.1,2,Paenibacillus sp. NPDC056579,TOMM precursor leader peptide-binding protein,False,RefSeq,Paenibacillus sp. NPDC056579,NPDC056579,GCF_042793215.1,NZ_JBHTVD010000004.1,SAMN43795775,Paenibacillus sp. NPDC056579,Bacillota,Bacilli,Caryophanales,Paenibacillaceae,Paenibacillus,cellular organisms; Bacteria; Bacillati; Bacillota; Bacilli; Caryophanales; Paenibacillaceae; Paenibacillus; unclassified Paenibacillus,,2010-01-01,China,MIGS Cultured Bacterial/Archaeal sample from Paenibacillus sp. NPDC056579,neighborhoods\WP_379455811_1.fasta,,not applicable,not applicable,not applicable,not applicable,False,True
Siminovitchia,Siminovitchia acidinfaciens,WP_126051897.1,WP_126051897.1,2,Siminovitchia acidinfaciens,TOMM precursor leader peptide-binding protein,False,RefSeq,Siminovitchia acidinfaciens,3-2-2,GCF_003605385.1,NZ_QYTV02000009.1,SAMN10060575,Siminovitchia acidinfaciens,Bacillota,Bacilli,Caryophanales,Bacillaceae,Siminovitchia,cellular organisms; Bacteria; Bacillati; Bacillota; Bacilli; Caryophanales; Bacillaceae; Siminovitchia,,2016-10-06,"China: Henan Province, Nanyang City",Bacillus sp. strain 3-2-2,neighborhoods\WP_126051897_1.fasta,soil,,,,,True,True
unclassified,unclassified Bacillus (in: firmicutes),WP_090914672.1,WP_090914672.1,4,Bacillus sp. 103mf; Bacillus sp. 71mf,TOMM precursor leader peptide-binding protein,False,RefSeq,Bacillus sp. 71mf,71MF,GCF_900113855.1,NZ_FOQX01000004.1,SAMN04488574,Bacillus sp. 71mf,Bacillota,Bacilli,Caryophanales,Bacillaceae,Bacillus,cellular organisms; Bacteria; Bacillati; Bacillota; Bacilli; Caryophanales; Bacillaceae; Bacillus; unclassified Bacillus (in: firmicutes),,not collected,missing,Bacillus sp. 71MF,neighborhoods\WP_090914672_1.fasta,,missing,missing,missing,missing,False,False
Neobacillus,Neobacillus drentensis,WP_335713934.1,WP_335713934.1,2,Neobacillus drentensis,TOMM precursor leader peptide-binding protein,False,RefSeq,Neobacillus drentensis,JJ1276,GCF_036965425.1,NZ_JBALPP010000055.1,SAMN40001838,Neobacillus drentensis,Bacillota,Bacilli,Caryophanales,Bacillaceae,Neobacillus,cellular organisms; Bacteria; Bacillati; Bacillota; Bacilli; Caryophanales; Bacillaceae; Neobacillus,corn,2014,USA: Illinois,Microbe sample from Neobacillus drentensis,neighborhoods\WP_335713934_1.fasta,rhizoplane,,,,,True,True
Robertmurraya,Robertmurraya siralis,WP_095313795.1,WP_095313795.1,2,Bacillus sp. 7504-2; Robertmurraya siralis,TOMM precursor leader peptide-binding protein,False,RefSeq,Robertmurraya siralis,171544,GCF_005502275.1,NZ_SWLZ01000019.1,SAMN11519462,Robertmurraya siralis,Bacillota,Bacilli,Caryophanales,Bacillaceae,Robertmurraya,cellular organisms; Bacteria; Bacillati; Bacillota; Bacilli; Caryophanales; Bacillaceae; Robertmurraya,,1999-11,Germany,Microbe sample from Robertmurraya siralis,neighborhoods\WP_095313795_1.fasta,silage,,,,,True,True
Siminovitchia,Siminovitchia fordii,WP_018709274.1,WP_018709274.1,3,Bacillus sp. (in: firmicutes); Siminovitchia fordii; Siminovitchia fordii DSM 16014 = CIP 108821,TOMM precursor leader peptide-binding protein,False,RefSeq,Siminovitchia fordii DSM 16014 = CIP 108821,DSM 16014,GCF_000374565.1,NZ_KB894726.1,SAMN02441018,Siminovitchia fordii DSM 16014 = CIP 108821,Bacillota,Bacilli,Caryophanales,Bacillaceae,Siminovitchia,cellular organisms; Bacteria; Bacillati; Bacillota; Bacilli; Caryophanales; Bacillaceae; Siminovitchia; Siminovitchia fordii,,missing,Belgium,Generic sample from Bacillus fordii DSM 16014,neighborhoods\WP_018709274_1.fasta,,51.39385 N 4.592228 E,,,,True,True
Brevibacillus,Brevibacillus brevis,WP_310766258.1,WP_310766258.1,2,Brevibacillus brevis,TOMM precursor leader peptide-binding protein,False,RefSeq,Brevibacillus brevis,NEB573,GCF_031583145.1,NZ_CP134050.1,SAMN37196068,Brevibacillus brevis,Bacillota,Bacilli,Caryophanales,Paenibacillaceae,Brevibacillus,cellular organisms; Bacteria; Bacillati; Bacillota; Bacilli; Caryophanales; Paenibacillaceae; Brevibacillus,,not applicable,not applicable,Microbe sample from Brevibacillus brevis,neighborhoods\WP_310766258_1.fasta,cell culture,,,,,True,True
Cohnella,Cohnella sp.,MDB4866102.1,MDB4866102.1,1,Cohnella sp.,bacteriocin biosynthesis protein SagD,False,GenBank/INSDC,Cohnella sp.,,GCA_028287445.1,JAQBPQ010000036.1,SAMN17837439,Cohnella sp.,Bacillota,Bacilli,Caryophanales,Paenibacillaceae,Cohnella,cellular organisms; Bacteria; Bacillati; Bacillota; Bacilli; Caryophanales; Paenibacillaceae; Cohnella; unclassified Cohnella,,2019-08-19,USA:Wyoming,Microbe sample from Cohnella sp.,neighborhoods\MDB4866102_1.fasta,low severity burned soil,,,,,False,True
Paenalicyclobacillus,Paenalicyclobacillus macrosporangiidus,WP_074952966.1,WP_074952966.1,2,Paenalicyclobacillus macrosporangiidus,TOMM precursor leader peptide-binding protein,False,RefSeq,Paenalicyclobacillus macrosporangiidus,DSM 17980,GCF_900116805.1,NZ_FPBV01000012.1,SAMN05421543,Paenalicyclobacillus macrosporangiidus,Bacillota,Bacilli,Caryophanales,Alicyclobacillaceae,Paenalicyclobacillus,cellular organisms; Bacteria; Bacillati; Bacillota; Bacilli; Caryophanales; Alicyclobacillaceae; Paenalicyclobacillus,not applicable,missing,"Japan:Fujieda city, Japan",Alicyclobacillus macrosporangiidus DSM 17980,neighborhoods\WP_074952966_1.fasta,missing,missing,missing,missing,missing,True,True
Paenibacillus,Paenibacillus lacisediminis,WP_410998366.1,WP_410998366.1,2,Paenibacillus lacisediminis,TOMM precursor leader peptide-binding protein,False,RefSeq,Paenibacillus lacisediminis,TH7-28,GCF_046567315.2,NZ_JBKIAX020000001.1,SAMN46015401,Paenibacillus lacisediminis,Bacillota,Bacilli,Caryophanales,Paenibacillaceae,Paenibacillus,cellular organisms; Bacteria; Bacillati; Bacillota; Bacilli; Caryophanales; Paenibacillaceae; Paenibacillus,,2022,"China: Taihu Lake, Wuxi, Jiangsu Province",Microbe sample from Paenibacillu sp.,neighborhoods\WP_410998366_1.fasta,lake sediment,,,,,True,True
Neobacillus,Neobacillus pocheonensis,WP_430139450.1,WP_430139450.1,2,Neobacillus pocheonensis,TOMM precursor leader peptide-binding protein,False,RefSeq,Neobacillus pocheonensis,NRS-386,GCF_050477905.1,NZ_JBCNAD010000040.1,SAMN41009767,Neobacillus pocheonensis,Bacillota,Bacilli,Caryophanales,Bacillaceae,Neobacillus,cellular organisms; Bacteria; Bacillati; Bacillota; Bacilli; Caryophanales; Bacillaceae; Neobacillus,,1950-10-11,USA: Oklahoma,Microbe sample from Neobacillus pocheonensis,neighborhoods\WP_430139450_1.fasta,soil,,,,,True,True
Bacillus,Bacillus sp. SORGH_AS_0510,WP_307286092.1,WP_307286092.1,2,Bacillus sp. SORGH_AS_0510,TOMM precursor leader peptide-binding protein,False,RefSeq,Bacillus sp. SORGH_AS_0510,SORGH_AS_0510,GCF_030818775.1,NZ_JAUTAU010000001.1,SAMN34265295,Bacillus sp. SORGH_AS_0510,Bacillota,Bacilli,Caryophanales,Bacillaceae,Bacillus,cellular organisms; Bacteria; Bacillati; Bacillota; Bacilli; Caryophanales; Bacillaceae; Bacillus; unclassified Bacillus (in: firmicutes),not applicable,missing,USA: Texas,Bacillus sp. SORGH_AS 510,neighborhoods\WP_307286092_1.fasta,missing,missing,missing,missing,missing,False,True
Melghirimyces,Melghirimyces profundicolus,WP_108021762.1,WP_108021762.1,2,Melghirimyces profundicolus,TOMM precursor leader peptide-binding protein,False,RefSeq,Melghirimyces profundicolus,DSM 45787,GCF_003054245.1,NZ_QBKR01000002.1,SAMN08776942,Melghirimyces profundicolus,Bacillota,Bacilli,Caryophanales,Thermoactinomycetaceae,Melghirimyces,cellular organisms; Bacteria; Bacillati; Bacillota; Bacilli; Caryophanales; Thermoactinomycetaceae; Melghirimyces,not applicable,missing,missing,Melghirimyces profundicolus DSM 45787,neighborhoods\WP_108021762_1.fasta,missing,missing,missing,missing,missing,True,True
Cytobacillus,Cytobacillus oceanisediminis,WP_394138974.1,WP_394138974.1,2,Cytobacillus oceanisediminis,TOMM precursor leader peptide-binding protein,False,RefSeq,Cytobacillus oceanisediminis,HQB-94,GCF_043422215.1,NZ_JBHOGY010000006.1,SAMN32650250,Cytobacillus oceanisediminis,Bacillota,Bacilli,Caryophanales,Bacillaceae,Cytobacillus,cellular organisms; Bacteria; Bacillati; Bacillota; Bacilli; Caryophanales; Bacillaceae; Cytobacillus,,2021-12-23,China: Qingdao,Microbe sample from Cytobacillus oceanisediminis,neighborhoods\WP_394138974_1.fasta,Sediments in Litoditis marina habitat,,,,,True,True
Paenibacillus,Paenibacillus naphthalenovorans,WP_430067414.1,WP_430067414.1,2,Paenibacillus naphthalenovorans,TOMM precursor leader peptide-binding protein,False,RefSeq,Paenibacillus naphthalenovorans,NRS-977,GCF_050468405.1,NZ_JBCNRA010000003.1,SAMN41009953,Paenibacillus naphthalenovorans,Bacillota,Bacilli,Caryophanales,Paenibacillaceae,Paenibacillus,cellular organisms; Bacteria; Bacillati; Bacillota; Bacilli; Caryophanales; Paenibacillaceae; Paenibacillus,,1950-12-12,not collected,Microbe sample from Paenibacillus naphthalenovorans,neighborhoods\WP_430067414_1.fasta,not collected,,,,,True,True
Fictibacillus,Fictibacillus sp. S7,WP_129478023.1,WP_129478023.1,2,Fictibacillus sp. S7,TOMM precursor leader peptide-binding protein,False,RefSeq,Fictibacillus sp. S7,S7,GCF_004127935.1,NZ_QJKL01000001.1,SAMN09288589,Fictibacillus sp. S7,Bacillota,Bacilli,Caryophanales,Fictibacillaceae,Fictibacillus,cellular organisms; Bacteria; Bacillati; Bacillota; Bacilli; Caryophanales; Fictibacillaceae; Fictibacillus; unclassified Fictibacillus,,2014-04-15,China: East China Sea,HVFE1,neighborhoods\WP_129478023_1.fasta,sediment sample obtained from the 1589 meters deep Okinawa Trough,,,,,False,True
Siminovitchia,Siminovitchia terrae,WP_120116116.1,WP_120116116.1,2,Siminovitchia terrae,TOMM precursor leader peptide-binding protein,False,RefSeq,Siminovitchia terrae,LMG 29736,GCF_003605405.2,NZ_QYTW02000003.1,SAMN10077956,Siminovitchia terrae,Bacillota,Bacilli,Caryophanales,Bacillaceae,Siminovitchia,cellular organisms; Bacteria; Bacillati; Bacillota; Bacilli; Caryophanales; Bacillaceae; Siminovitchia,,not collected,not applicable,Bacillus terrae RA9 LMG29736,neighborhoods\WP_120116116_1.fasta,rhizosphere soil of Cistus ladanifer plants,,,,,True,True
Paenalicyclobacillus,Paenalicyclobacillus macrosporangiidus,WP_029420075.1,WP_029420075.1,1,Alicyclobacillus macrosporangiidus CPP55,TOMM precursor leader peptide-binding protein,False,RefSeq,Alicyclobacillus macrosporangiidus CPP55,CPP55,GCF_000702485.1,NZ_JNIL01000001.1,SAMN02841142,Alicyclobacillus macrosporangiidus CPP55,Bacillota,Bacilli,Caryophanales,Alicyclobacillaceae,Paenalicyclobacillus,cellular organisms; Bacteria; Bacillati; Bacillota; Bacilli; Caryophanales; Alicyclobacillaceae; Paenalicyclobacillus; Paenalicyclobacillus macrosporangiidus,,,,Sample from Alicyclobacillus macrosporangiidus CPP55,neighborhoods\WP_029420075_1.fasta,,,,,,True,False
Bacillus,Bacillus sp. B-jedd,WP_048824044.1,WP_048824044.1,2,Bacillus sp. B-jedd,TOMM precursor leader peptide-binding protein,False,RefSeq,Bacillus sp. B-jedd,B-jedd,GCF_000821085.1,NZ_CCXR01000001.1,SAMEA2784367,Bacillus sp. B-jedd,Bacillota,Bacilli,Caryophanales,Bacillaceae,Bacillus,cellular organisms; Bacteria; Bacillati; Bacillota; Bacilli; Caryophanales; Bacillaceae; Bacillus; unclassified Bacillus (in: firmicutes),,,not provided,Human gut genome,neighborhoods\WP_048824044_1.fasta,human gut,,human-associated habitat,,human gut,False,True
Lederbergia,Lederbergia galactosidilytica,WP_209973508.1,WP_209973508.1,2,Lederbergia galactosidilytica,TOMM precursor leader peptide-binding protein,False,RefSeq,Lederbergia galactosidilytica,DSM 15595,GCF_017873565.1,NZ_JAGGKH010000005.1,SAMN18247786,Lederbergia galactosidilytica,Bacillota,Bacilli,Caryophanales,Bacillaceae,Lederbergia,cellular organisms; Bacteria; Bacillati; Bacillota; Bacilli; Caryophanales; Bacillaceae; Lederbergia,not applicable,missing,missing,Bacillus galactosidilyticus DSM 15595,neighborhoods\WP_209973508_1.fasta,missing,missing,missing,missing,missing,True,True
Cohnella,Cohnella laeviribosi,WP_019003927.1,WP_019003927.1,1,Cohnella laeviribosi DSM 21336,TOMM precursor leader peptide-binding protein,False,RefSeq,Cohnella laeviribosi DSM 21336,DSM 21336,GCF_000378425.1,NZ_KB899809.1,SAMN02441662,Cohnella laeviribosi DSM 21336,Bacillota,Bacilli,Caryophanales,Paenibacillaceae,Cohnella,cellular organisms; Bacteria; Bacillati; Bacillota; Bacilli; Caryophanales; Paenibacillaceae; Cohnella; Cohnella laeviribosi,,missing,Indonesia,Generic sample from Cohnella laeviribosi DSM 21336,neighborhoods\WP_019003927_1.fasta,,missing,,,,True,True
Niallia,Niallia endozanthoxylica,WP_150438572.1,WP_150438572.1,2,Niallia endozanthoxylica,TOMM precursor leader peptide-binding protein,False,RefSeq,Niallia endozanthoxylica,MER_TA_151,GCF_008710145.1,NZ_VYKL01000009.1,SAMN12787907,Niallia endozanthoxylica,Bacillota,Bacilli,Caryophanales,Bacillaceae,Niallia,cellular organisms; Bacteria; Bacillati; Bacillota; Bacilli; Caryophanales; Bacillaceae; Niallia,,2004,USA,Microbe sample from Niallia endozanthoxylica,neighborhoods\WP_150438572_1.fasta,spacecraft hardware,,,,,True,True
Gordoniibacillus,Gordoniibacillus kamchatkensis,WP_041047436.1,WP_041047436.1,2,Gordoniibacillus kamchatkensis,TOMM precursor leader peptide-binding protein,False,RefSeq,Gordoniibacillus kamchatkensis,VKM B-2647,GCF_000829455.1,NZ_JXAK01000014.1,SAMN03274189,Gordoniibacillus kamchatkensis,Bacillota,Bacilli,Caryophanales,Paenibacillaceae,Gordoniibacillus,cellular organisms; Bacteria; Bacillati; Bacillota; Bacilli; Caryophanales; Paenibacillaceae; Gordoniibacillus,,missing,Russia: Kamchatka,Microbe sample Paenibacillus,neighborhoods\WP_041047436_1.fasta,frozen volcanic ash,,volcanic ash,,,True,True
Paenibacillus,Paenibacillus sp. sptzw28,WP_220348659.1,WP_220348659.1,2,Paenibacillus sp. sptzw28,TOMM precursor leader peptide-binding protein,False,RefSeq,Paenibacillus sp. sptzw28,sptzw28,GCF_019550795.1,NZ_CP080545.1,SAMN20378246,Paenibacillus sp. sptzw28,Bacillota,Bacilli,Caryophanales,Paenibacillaceae,Paenibacillus,cellular organisms; Bacteria; Bacillati; Bacillota; Bacilli; Caryophanales; Paenibacillaceae; Paenibacillus; unclassified Paenibacillus,,2008-12,China: Zhongwei,Microbe sample from Paenibacillus sp. sptzw28,neighborhoods\WP_220348659_1.fasta,desert,,,,,False,True
Alkalihalobacterium,Alkalihalobacterium alkalinitrilicum,WP_078427656.1,WP_078427656.1,1,Alkalihalobacterium alkalinitrilicum,TOMM precursor leader peptide-binding protein,False,RefSeq,Alkalihalobacterium alkalinitrilicum,DSM 22532,GCF_002019605.1,NZ_KV917368.1,SAMN05934485,Alkalihalobacterium alkalinitrilicum,Bacillota,Bacilli,Caryophanales,Bacillaceae,Alkalihalobacterium,cellular organisms; Bacteria; Bacillati; Bacillota; Bacilli; Caryophanales; Bacillaceae; Alkalihalobacterium,,2009-01-01,Russia,Microbe sample from Alkalihalobacterium alkalinitrilicum,neighborhoods\WP_078427656_1.fasta,soda solonchak soil,,,,,False,True
Paenibacillus,Paenibacillus alkalitolerans,WP_199622513.1,WP_199622513.1,1,Paenibacillus alkalitolerans,TOMM precursor leader peptide-binding protein,False,RefSeq,Paenibacillus alkalitolerans,YIM B00362 = KCTC 43272,GCF_016482785.1,NZ_JAEMXM010000028.1,SAMN17103322,Paenibacillus alkalitolerans,Bacillota,Bacilli,Caryophanales,Paenibacillaceae,Paenibacillus,cellular organisms; Bacteria; Bacillati; Bacillota; Bacilli; Caryophanales; Paenibacillaceae; Paenibacillus,,2019-07-16,China,Microbe sample from Paenibacillus alkalitolerans,neighborhoods\WP_199622513_1.fasta,soil,,,,,True,True
Paenibacillus,Paenibacillus agricola,WP_166153030.1,WP_166153030.1,2,Paenibacillus agricola,TOMM precursor leader peptide-binding protein,False,RefSeq,Paenibacillus agricola,S3N08,GCA_011440305.1,JAAOIW010000009.1,SAMN14332173,Paenibacillus agricola,Bacillota,Bacilli,Caryophanales,Paenibacillaceae,Paenibacillus,cellular organisms; Bacteria; Bacillati; Bacillota; Bacilli; Caryophanales; Paenibacillaceae; Paenibacillus,,2018-04,South Korea,Microbe sample from Paenibacillus agricola,neighborhoods\WP_166153030_1.fasta,soil,,,,,True,True
Niallia,Niallia sp. Kr1,WP_428912341.1,WP_428912341.1,2,Niallia sp. Kr1,TOMM precursor leader peptide-binding protein,False,RefSeq,Niallia sp. Kr1,Kr1,GCF_050389805.1,NZ_CP130945.1,SAMN36726514,Niallia sp. Kr1,Bacillota,Bacilli,Caryophanales,Bacillaceae,Niallia,cellular organisms; Bacteria; Bacillati; Bacillota; Bacilli; Caryophanales; Bacillaceae; Niallia; unclassified Niallia,,2021-08-05,Iceland: Krafla,Microbe sample from Niallia sp. Kr1,neighborhoods\WP_428912341_1.fasta,Geothermal fluids,65.704025 N 16.774554 W,,,,False,True
Neobacillus,Neobacillus drentensis,WP_066255848.1,WP_066255848.1,3,Neobacillus drentensis,TOMM precursor leader peptide-binding protein,False,RefSeq,Neobacillus drentensis,DSM 15600,GCF_055810755.1,NZ_CM147946.1,SAMN56344085,Neobacillus drentensis,Bacillota,Bacilli,Caryophanales,Bacillaceae,Neobacillus,cellular organisms; Bacteria; Bacillati; Bacillota; Bacilli; Caryophanales; Bacillaceae; Neobacillus,,2003-05-13,Netherlands: near Anloo,"Neobacillus drentensis DSM 15600, type strain, whole genome sequencing sample",neighborhoods\WP_066255848_1.fasta,soil,,,,,True,True
Guptibacillus,Guptibacillus hwajinpoensis,WP_347551326.1,WP_347551326.1,2,Guptibacillus hwajinpoensis,TOMM precursor leader peptide-binding protein,False,RefSeq,Guptibacillus hwajinpoensis,Zjut HJ2101,GCF_039851965.1,NZ_CP156674.1,SAMN41398202,Guptibacillus hwajinpoensis,Bacillota,Bacilli,Caryophanales,Guptibacillaceae,Guptibacillus,cellular organisms; Bacteria; Bacillati; Bacillota; Bacilli; Caryophanales; Guptibacillaceae; Guptibacillus,,2023-04-25,China:Hangzhou,Microbe sample from Guptibacillus hwajinpoensis,neighborhoods\WP_347551326_1.fasta,soil,,,,,True,True
Neobacillus,Neobacillus sp. OS1-2,WP_308109758.1,WP_308109758.1,2,Neobacillus sp. OS1-2,TOMM precursor leader peptide-binding protein,False,RefSeq,Neobacillus sp. OS1-2,OS1-2,GCF_030915505.1,NZ_CP133265.1,SAMN36999284,Neobacillus sp. OS1-2,Bacillota,Bacilli,Caryophanales,Bacillaceae,Neobacillus,cellular organisms; Bacteria; Bacillati; Bacillota; Bacilli; Caryophanales; Bacillaceae; Neobacillus; unclassified Neobacillus,,2023-08-12,South Korea: Iksan,MIGS Cultured Bacterial/Archaeal sample from Neobacillus sp. OS1-2,neighborhoods\WP_308109758_1.fasta,,35.58 N 127.03 E,agricultural field,clay soil,apple orchard field,False,True
Bacillus,Bacillus changyiensis,WP_271342263.1,WP_271342263.1,2,Bacillus changyiensis,TOMM precursor leader peptide-binding protein,False,RefSeq,Bacillus changyiensis,CLL-7-23,GCF_027988015.1,NZ_JAQKAB010000017.1,SAMN32210673,Bacillus changyiensis,Bacillota,Bacilli,Caryophanales,Bacillaceae,Bacillus,cellular organisms; Bacteria; Bacillati; Bacillota; Bacilli; Caryophanales; Bacillaceae; Bacillus,,2018-08,China:Changyi,Microbe sample from Bacillus changyiensis,neighborhoods\WP_271342263_1.fasta,coastal deposit,,,,,True,True
Niallia,Niallia oryzisoli,WP_338448435.1,WP_338448435.1,2,Niallia oryzisoli,TOMM precursor leader peptide-binding protein,False,RefSeq,Niallia oryzisoli,DSM 29761,GCF_036670025.1,NZ_CP137640.1,SAMN37916534,Niallia oryzisoli,Bacillota,Bacilli,Caryophanales,Bacillaceae,Niallia,cellular organisms; Bacteria; Bacillati; Bacillota; Bacilli; Caryophanales; Bacillaceae; Niallia,,2012,"China: Hunan province, Qiyang",Microbe sample from Niallia oryzisoli DSM 29761,neighborhoods\WP_338448435_1.fasta,DSMZ-German Collection of Microorganisms and Cell Cultures GmbH,,,,,True,True
Paenibacillus,Paenibacillus agricola,WP_166153998.1,WP_166153998.1,2,Paenibacillus agricola,TOMM precursor leader peptide-binding protein,False,RefSeq,Paenibacillus agricola,S3N08,GCA_011440305.1,JAAOIW010000013.1,SAMN14332173,Paenibacillus agricola,Bacillota,Bacilli,Caryophanales,Paenibacillaceae,Paenibacillus,cellular organisms; Bacteria; Bacillati; Bacillota; Bacilli; Caryophanales; Paenibacillaceae; Paenibacillus,,2018-04,South Korea,Microbe sample from Paenibacillus agricola,neighborhoods\WP_166153998_1.fasta,soil,,,,,True,True
Schinkia,Schinkia azotoformans,WP_328231265.1,WP_328231265.1,2,Schinkia azotoformans,TOMM precursor leader peptide-binding protein,False,RefSeq,Schinkia azotoformans,NRS-1753,GCF_036221085.1,NZ_JARTFG010000010.1,SAMN33941127,Schinkia azotoformans,Bacillota,Bacilli,Caryophanales,Bacillaceae,Schinkia,cellular organisms; Bacteria; Bacillati; Bacillota; Bacilli; Caryophanales; Bacillaceae; Calidifontibacillus/Schinkia group; Schinkia,,1978-06-01,not collected,Microbe sample from Schinkia azotoformans,neighborhoods\WP_328231265_1.fasta,not collected,,,,,True,True
Neobacillus,Neobacillus vireti,WP_024030399.1,WP_024030399.1,4,Neobacillus vireti; Neobacillus vireti LMG 21834,TOMM precursor leader peptide-binding protein,False,RefSeq,Neobacillus vireti LMG 21834,LMG 21834,GCF_000508325.2,NZ_ALAN01000122.1,SAMN02471784,Neobacillus vireti LMG 21834,Bacillota,Bacilli,Caryophanales,Bacillaceae,Neobacillus,cellular organisms; Bacteria; Bacillati; Bacillota; Bacilli; Caryophanales; Bacillaceae; Neobacillus; Neobacillus vireti,,,Netherlands: Drenthe,Sample from Neobacillus vireti LMG 21834,neighborhoods\WP_024030399_1.fasta,agricultural soil from Anlooer Diepje brook,,,,,True,True
Neobacillus,Neobacillus sp. YIM B06451,WP_316571384.1,WP_316571384.1,1,Neobacillus sp. YIM B06451,TOMM precursor leader peptide-binding protein,False,RefSeq,Neobacillus sp. YIM B06451,YIM B06451,GCF_032667185.1,NZ_JAVFKJ010000010.1,SAMN37055143,Neobacillus sp. YIM B06451,Bacillota,Bacilli,Caryophanales,Bacillaceae,Neobacillus,cellular organisms; Bacteria; Bacillati; Bacillota; Bacilli; Caryophanales; Bacillaceae; Neobacillus; unclassified Neobacillus,,2022-05,China,Microbe sample from Neobacillus sp. YIM B06451,neighborhoods\WP_316571384_1.fasta,soil,,,,,False,True
Caldalkalibacillus,Caldalkalibacillus salinus,WP_202078830.1,WP_202078830.1,1,Caldalkalibacillus salinus,TOMM precursor leader peptide-binding protein,False,RefSeq,Caldalkalibacillus salinus,YIM B00319,GCF_016745835.1,NZ_JAERVL010000004.1,SAMN17313507,Caldalkalibacillus salinus,Bacillota,Bacilli,Caryophanales,Bacillaceae,Caldalkalibacillus,cellular organisms; Bacteria; Bacillati; Bacillota; Bacilli; Caryophanales; Bacillaceae; Caldalkalibacillus,,2020-09-19,China,Microbe sample from Caldalkalibacillus salinus,neighborhoods\WP_202078830_1.fasta,salt lake soil,,,,,True,True
Bacillus,Bacillus,WP_053602024.1,WP_053602024.1,6,Bacillus capparidis; Bacillus gobiensis,TOMM precursor leader peptide-binding protein,False,RefSeq,Bacillus gobiensis,FJAT-4402,GCF_001278705.1,NZ_CP012600.1,SAMN04009091,Bacillus gobiensis,Bacillota,Bacilli,Caryophanales,Bacillaceae,Bacillus,cellular organisms; Bacteria; Bacillati; Bacillota; Bacilli; Caryophanales; Bacillaceae; Bacillus,,2011-11-06,China:Jiangxi,Microbe sample from Bacillus gobiensis,neighborhoods\WP_053602024_1.fasta,soil,,,,,True,True
Paenibacillus,Paenibacillus macerans,WP_328272521.1,WP_328272521.1,6,Paenibacillus macerans,TOMM precursor leader peptide-binding protein,False,RefSeq,Paenibacillus macerans,NRS-133,GCF_036225525.1,NZ_JARTKF010000363.1,SAMN33940996,Paenibacillus macerans,Bacillota,Bacilli,Caryophanales,Paenibacillaceae,Paenibacillus,cellular organisms; Bacteria; Bacillati; Bacillota; Bacilli; Caryophanales; Paenibacillaceae; Paenibacillus,,1950-09-18,not collected,Microbe sample from Paenibacillus macerans,neighborhoods\WP_328272521_1.fasta,beets,,,,,True,True
Paenibacillus,Paenibacillus sp. HJGM_3,WP_405452319.1,WP_405452319.1,2,Paenibacillus sp. HJGM_3,TOMM precursor leader peptide-binding protein,False,RefSeq,Paenibacillus sp. HJGM_3,HJGM_3,GCF_045062745.1,NZ_JBJGED010000005.1,SAMN44703463,Paenibacillus sp. HJGM_3,Bacillota,Bacilli,Caryophanales,Paenibacillaceae,Paenibacillus,cellular organisms; Bacteria; Bacillati; Bacillota; Bacilli; Caryophanales; Paenibacillaceae; Paenibacillus; unclassified Paenibacillus,,2023-01,South Korea:Gochang,Microbe sample from Paenibacillus sp. HJGM_3,neighborhoods\WP_405452319_1.fasta,Sea mud,,,,,False,True
Desmospora,Desmospora activa,WP_107725770.1,WP_107725770.1,2,Desmospora activa DSM 45169,TOMM precursor leader peptide-binding protein,False,RefSeq,Desmospora activa DSM 45169,DSM 45169,GCF_003046315.1,NZ_PZZP01000001.1,SAMN08776720,Desmospora activa DSM 45169,Bacillota,Bacilli,Caryophanales,Thermoactinomycetaceae,Desmospora,cellular organisms; Bacteria; Bacillati; Bacillota; Bacilli; Caryophanales; Thermoactinomycetaceae; Desmospora; Desmospora activa,not applicable,missing,Germany:Bonn,Desmospora activa DSM 45169,neighborhoods\WP_107725770_1.fasta,missing,50.741018 N 7.098484 E,missing,missing,missing,True,True
Paenibacillus,Paenibacillus baekrokdamisoli,WP_125653880.1,WP_125653880.1,3,Paenibacillus baekrokdamisoli,TOMM precursor leader peptide-binding protein,False,RefSeq,Paenibacillus baekrokdamisoli,KCTC 33723,GCF_003945345.1,NZ_AP019308.1,SAMD00149510,Paenibacillus baekrokdamisoli,Bacillota,Bacilli,Caryophanales,Paenibacillaceae,Paenibacillus,cellular organisms; Bacteria; Bacillati; Bacillota; Bacilli; Caryophanales; Paenibacillaceae; Paenibacillus,,2013-05-14,"South Korea:Jeju-do, Seogwipo-si",Paenibacillus baekrokdamisoli Genome,neighborhoods\WP_125653880_1.fasta,,33.36 N 126.53 E,mountain,soil,crater lake,True,True
Bacillus,Bacillus sp. UNC322MFChir4.1,WP_035431194.1,WP_035431194.1,1,Bacillus sp. UNC322MFChir4.1,TOMM precursor leader peptide-binding protein,False,RefSeq,Bacillus sp. UNC322MFChir4.1,UNC322MFChir4.1,GCF_000746135.1,NZ_JQKQ01000013.1,SAMN02745492,Bacillus sp. UNC322MFChir4.1,Bacillota,Bacilli,Caryophanales,Bacillaceae,Bacillus,cellular organisms; Bacteria; Bacillati; Bacillota; Bacilli; Caryophanales; Bacillaceae; Bacillus; unclassified Bacillus (in: firmicutes),,not collected,missing,Bacillus sp. UNC322MFChir4.1,neighborhoods\WP_035431194_1.fasta,,not collected,missing,missing,missing,False,True
Metabacillus,Metabacillus schmidteae,WP_175639347.1,WP_175639347.1,1,Metabacillus schmidteae,TOMM precursor leader peptide-binding protein,False,RefSeq,Metabacillus schmidteae,Marseille-P9898,GCF_903166545.1,NZ_CAESCH010000001.1,SAMEA6824521,Metabacillus schmidteae,Bacillota,Bacilli,Caryophanales,Bacillaceae,Metabacillus,cellular organisms; Bacteria; Bacillati; Bacillota; Bacilli; Caryophanales; Bacillaceae; Metabacillus,,,,"Bacillus schmidteae sp, nov isolated from planarian",neighborhoods\WP_175639347_1.fasta,,,,,,True,True
Cohnella,Cohnella pontilimi,WP_136775662.1,WP_136775662.1,2,Cohnella pontilimi,TOMM precursor leader peptide-binding protein,False,RefSeq,Cohnella pontilimi,CAU 1483,GCF_005049045.1,NZ_SUPK01000001.1,SAMN11353026,Cohnella pontilimi,Bacillota,Bacilli,Caryophanales,Paenibacillaceae,Cohnella,cellular organisms; Bacteria; Bacillati; Bacillota; Bacilli; Caryophanales; Paenibacillaceae; Cohnella,,2017-10-14,South Korea: Modo island,Microbe sample from Cohnella sp. CAU 1483,neighborhoods\WP_136775662_1.fasta,soil,,,,,True,True
Neobacillus,Neobacillus sp. GCM10023253,WP_378582455.1,WP_378582455.1,2,Neobacillus sp. GCM10023253,TOMM precursor leader peptide-binding protein,False,RefSeq,Neobacillus sp. GCM10023253,CGMCC 1.19064,GCF_042653105.1,NZ_JBHSHV010000006.1,SAMN43282987,Neobacillus sp. GCM10023253,Bacillota,Bacilli,Caryophanales,Bacillaceae,Neobacillus,cellular organisms; Bacteria; Bacillati; Bacillota; Bacilli; Caryophanales; Bacillaceae; Neobacillus; unclassified Neobacillus,,2023,missing,Microbe sample from Neobacillus sp. GCM10023253,neighborhoods\WP_378582455_1.fasta,missing,,,,,False,True
Paenibacillus,Paenibacillus doosanensis,WP_259618740.1,WP_259618740.1,2,Paenibacillus doosanensis,TOMM precursor leader peptide-binding protein,False,RefSeq,Paenibacillus doosanensis,CAU 1055,GCA_025060755.1,JANYUY010000024.1,SAMN30637177,Paenibacillus doosanensis,Bacillota,Bacilli,Caryophanales,Paenibacillaceae,Paenibacillus,cellular organisms; Bacteria; Bacillati; Bacillota; Bacilli; Caryophanales; Paenibacillaceae; Paenibacillus,,2013-05-04,not provided,Microbe sample from Paenibacillus doosanensis,neighborhoods\WP_259618740_1.fasta,soil,,,,,True,True
Bacillus,Bacillus sp. (in: firmicutes),MBO8178592.1,MBO8178592.1,1,Bacillus sp. (in: firmicutes),TOMM precursor leader peptide-binding protein,False,GenBank/INSDC,Bacillus sp. (in: firmicutes),,GCA_017656295.1,JACDOC010000024.1,SAMN15049716,Bacillus sp. (in: firmicutes),Bacillota,Bacilli,Caryophanales,Bacillaceae,Bacillus,cellular organisms; Bacteria; Bacillati; Bacillota; Bacilli; Caryophanales; Bacillaceae; Bacillus; unclassified Bacillus (in: firmicutes),,2016-12-23,Mexico: Guaymas Basin,Bacillus GB_116,neighborhoods\MBO8178592_1.fasta,deep sea sediment sample 4871-20 in thermophilic enrichment culture,27.04618 N 111.38483 W,,,,False,True
Paenibacillus,Paenibacillus sp. V4I3,WP_307439492.1,WP_307439492.1,2,Paenibacillus sp. V4I3,TOMM precursor leader peptide-binding protein,False,RefSeq,Paenibacillus sp. V4I3,W1.09-140 V4I3,GCF_030817215.1,NZ_JAUSZA010000001.1,SAMN35085405,Paenibacillus sp. V4I3,Bacillota,Bacilli,Caryophanales,Paenibacillaceae,Paenibacillus,cellular organisms; Bacteria; Bacillati; Bacillota; Bacilli; Caryophanales; Paenibacillaceae; Paenibacillus; unclassified Paenibacillus,not applicable,missing,"USA: Washington, Lind Dryland Research Station",Paenibacillus sp. W1.09-140 V4I3,neighborhoods\WP_307439492_1.fasta,missing,missing,missing,missing,missing,False,True
Neobacillus,Neobacillus sp. B24,WP_464507387.1,WP_464507387.1,2,Neobacillus sp. B24,TOMM precursor leader peptide-binding protein,False,RefSeq,Neobacillus sp. B24,B24,GCF_055381825.1,NZ_AP035777.1,SAMD00790298,Neobacillus sp. B24,Bacillota,Bacilli,Caryophanales,Bacillaceae,Neobacillus,cellular organisms; Bacteria; Bacillati; Bacillota; Bacilli; Caryophanales; Bacillaceae; Neobacillus; unclassified Neobacillus,,2023-04,Japan,Neobacillus sp. B24 isolated from bark compost,neighborhoods\WP_464507387_1.fasta,bark compost,,,,,False,True
Paenibacillus,Paenibacillus,WP_201318857.1,WP_201318857.1,3,Paenibacillus sp. EPM92; Paenibacillus validus,TOMM precursor leader peptide-binding protein,False,RefSeq,Paenibacillus sp. EPM92,EPM92,GCF_016586185.1,NZ_BCPS01000082.1,SAMD00020900,Paenibacillus sp. EPM92,Bacillota,Bacilli,Caryophanales,Paenibacillaceae,Paenibacillus,cellular organisms; Bacteria; Bacillati; Bacillota; Bacilli; Caryophanales; Paenibacillaceae; Paenibacillus; unclassified Paenibacillus,,2008-04,Japan:Ehime,Paenibacillus sp. EPM92,neighborhoods\WP_201318857_1.fasta,,33.9783 N 132.80083 E,cropland biome,soil,farm soil,True,True
Paenibacillus,Paenibacillus ehimensis,WP_127486385.1,WP_127486385.1,1,Paenibacillus ehimensis NBRC 15659,TOMM precursor leader peptide-binding protein,False,RefSeq,Paenibacillus ehimensis NBRC 15659,NBRC 15659,GCF_004000785.1,NZ_BILX01000023.1,SAMD00034161,Paenibacillus ehimensis NBRC 15659,Bacillota,Bacilli,Caryophanales,Paenibacillaceae,Paenibacillus,cellular organisms; Bacteria; Bacillati; Bacillota; Bacilli; Caryophanales; Paenibacillaceae; Paenibacillus; Paenibacillus ehimensis,,not applicable,"Japan:Ehime, Matsuyama",Paenibacillus ehimensis type strain:NBRC 15659,neighborhoods\WP_127486385_1.fasta,,not applicable,soil,garden soil,garden soil,True,True
Paenibacillus,Paenibacillus sp. UNC451MF,WP_028550282.1,WP_028550282.1,1,Paenibacillus sp. UNC451MF,TOMM precursor leader peptide-binding protein,False,RefSeq,Paenibacillus sp. UNC451MF,UNC451MF,GCF_000686845.1,NZ_JMLS01000017.1,SAMN02743385,Paenibacillus sp. UNC451MF,Bacillota,Bacilli,Caryophanales,Paenibacillaceae,Paenibacillus,cellular organisms; Bacteria; Bacillati; Bacillota; Bacilli; Caryophanales; Paenibacillaceae; Paenibacillus; unclassified Paenibacillus,,,,Sample from Paenibacillus sp. UNC451MF,neighborhoods\WP_028550282_1.fasta,,,,,,False,True
Alkalihalobacterium,Alkalihalobacterium elongatum,WP_216831344.1,WP_216831344.1,1,Alkalihalobacterium elongatum,TOMM precursor leader peptide-binding protein,False,RefSeq,Alkalihalobacterium elongatum,MEB199,GCF_019024285.1,NZ_WMKZ01000032.1,SAMN13318591,Alkalihalobacterium elongatum,Bacillota,Bacilli,Caryophanales,Bacillaceae,Alkalihalobacterium,cellular organisms; Bacteria; Bacillati; Bacillota; Bacilli; Caryophanales; Bacillaceae; Alkalihalobacterium,,2010-10-01,India,Microbe sample from Alkalihalobacterium elongatum,neighborhoods\WP_216831344_1.fasta,Lonar lake sediment,,,,,False,True
Bacillus,Bacillus sp. 123MFChir2,WP_020060407.1,WP_020060407.1,1,Bacillus sp. 123MFChir2,TOMM precursor leader peptide-binding protein,False,RefSeq,Bacillus sp. 123MFChir2,123MFChir2,GCF_000383235.1,NZ_KB910931.1,SAMN02440515,Bacillus sp. 123MFChir2,Bacillota,Bacilli,Caryophanales,Bacillaceae,Bacillus,cellular organisms; Bacteria; Bacillati; Bacillota; Bacilli; Caryophanales; Bacillaceae; Bacillus; unclassified Bacillus (in: firmicutes),,missing,missing,Generic sample from Bacillus sp. 123MFChir2,neighborhoods\WP_020060407_1.fasta,,missing,,,,False,True
Fodinisporobacter,Fodinisporobacter ferrooxydans,WP_347436267.1,WP_347436267.1,2,Fodinisporobacter ferrooxydans,TOMM precursor leader peptide-binding protein,False,RefSeq,Fodinisporobacter ferrooxydans,MYW30-H2,GCF_022818495.1,NZ_CP089291.1,SAMN23671124,Fodinisporobacter ferrooxydans,Bacillota,Bacilli,Caryophanales,Alicyclobacillaceae,Fodinisporobacter,cellular organisms; Bacteria; Bacillati; Bacillota; Bacilli; Caryophanales; Alicyclobacillaceae; Fodinisporobacter,,2019-03,China: Guangdong province,Microbe sample from Fodinisporobacter ferrooxydans,neighborhoods\WP_347436267_1.fasta,bioleaching system,,,,,True,True
Desmospora,Desmospora profundinema,WP_309860707.1,WP_309860707.1,2,Desmospora profundinema,TOMM precursor leader peptide-binding protein,False,RefSeq,Desmospora profundinema,DSM 45903,GCA_031454155.1,JAVDQG010000001.1,SAMN17619999,Desmospora profundinema,Bacillota,Bacilli,Caryophanales,Thermoactinomycetaceae,Desmospora,cellular organisms; Bacteria; Bacillati; Bacillota; Bacilli; Caryophanales; Thermoactinomycetaceae; Desmospora,not applicable,missing,missing,Desmospora profundinema DSM 45903,neighborhoods\WP_309860707_1.fasta,missing,missing,missing,missing,missing,True,True
Halobacillus,Halobacillus sp. Nhm2S1,WP_220583459.1,WP_220583459.1,2,Halobacillus sp. Nhm2S1,TOMM precursor leader peptide-binding protein,False,RefSeq,Halobacillus sp. Nhm2S1,Nhm2S1,GCF_019599545.1,NZ_JAIEZV010000001.1,SAMN20606471,Halobacillus sp. Nhm2S1,Bacillota,Bacilli,Caryophanales,Bacillaceae,Halobacillus,cellular organisms; Bacteria; Bacillati; Bacillota; Bacilli; Caryophanales; Bacillaceae; Halobacillus; unclassified Halobacillus,,2019-09,South Korea,Microbe sample from Halobacillus sp. Nhm2S1,neighborhoods\WP_220583459_1.fasta,tidal flat,,,,,False,True
Paenibacillus,Paenibacillus castaneae,WP_102713148.1,WP_102713148.1,3,Paenibacillus castaneae,TOMM precursor leader peptide-binding protein,False,RefSeq,Paenibacillus castaneae,CECT 7279,GCF_011761405.1,NZ_JAASRX010000001.1,SAMN12025158,Paenibacillus castaneae,Bacillota,Bacilli,Caryophanales,Paenibacillaceae,Paenibacillus,cellular organisms; Bacteria; Bacillati; Bacillota; Bacilli; Caryophanales; Paenibacillaceae; Paenibacillus,not applicable,missing,missing,Paenibacillus castaneae CECT 7279,neighborhoods\WP_102713148_1.fasta,missing,missing,missing,missing,missing,True,True
Paenactinomyces,Paenactinomyces guangxiensis,WP_181752642.1,WP_181752642.1,5,Paenactinomyces guangxiensis,TOMM precursor leader peptide-binding protein,False,RefSeq,Paenactinomyces guangxiensis,CICC 11033=CGMCC 4.7156,GCF_016055185.1,NZ_JAECVR010000015.1,SAMN15897724,Paenactinomyces guangxiensis,Bacillota,Bacilli,Caryophanales,Thermoactinomycetaceae,Paenactinomyces,cellular organisms; Bacteria; Bacillati; Bacillota; Bacilli; Caryophanales; Thermoactinomycetaceae; Paenactinomyces,,2015,China: Guangxi,Microbe sample from Paenactinomyces guangxiensis,neighborhoods\WP_181752642_1.fasta,mushroom compost,,,,,True,True
unclassified,unclassified Paenibacillus,WP_379302740.1,WP_379302740.1,4,Paenibacillus sp. GCM10027628; Paenibacillus sp. M.A.Huq-82,TOMM precursor leader peptide-binding protein,False,RefSeq,Paenibacillus sp. GCM10027628,CGMCC 1.60093,GCF_042676385.1,NZ_JBHTHA010000031.1,SAMN43284469,Paenibacillus sp. GCM10027628,Bacillota,Bacilli,Caryophanales,Paenibacillaceae,Paenibacillus,cellular organisms; Bacteria; Bacillati; Bacillota; Bacilli; Caryophanales; Paenibacillaceae; Paenibacillus; unclassified Paenibacillus,,2023,missing,Microbe sample from Paenibacillus sp. GCM10027628,neighborhoods\WP_379302740_1.fasta,missing,,,,,False,False
Oceanobacillus,Oceanobacillus piezotolerans,WP_121524854.1,WP_121524854.1,2,Oceanobacillus piezotolerans,TOMM precursor leader peptide-binding protein,False,RefSeq,Oceanobacillus piezotolerans,YLB-02,GCF_003665065.1,NZ_RCHR01000010.1,SAMN10172232,Oceanobacillus piezotolerans,Bacillota,Bacilli,Caryophanales,Bacillaceae,Oceanobacillus,cellular organisms; Bacteria; Bacillati; Bacillota; Bacilli; Caryophanales; Bacillaceae; Oceanobacillus,,2017,Pacific Ocean,Microbe sample from Oceanobacillus piezotolerans,neighborhoods\WP_121524854_1.fasta,deep sea sediment,,,,,True,True
Brevibacillus,Brevibacillus sp. SAFN-007a,WP_440242499.1,WP_440242499.1,2,Brevibacillus sp. SAFN-007a,TOMM precursor leader peptide-binding protein,False,RefSeq,Brevibacillus sp. SAFN-007a,SAFN-007a,GCF_051967035.1,NZ_JBQCKK010000013.1,SAMN48968237,Brevibacillus sp. SAFN-007a,Bacillota,Bacilli,Caryophanales,Paenibacillaceae,Brevibacillus,cellular organisms; Bacteria; Bacillati; Bacillota; Bacilli; Caryophanales; Paenibacillaceae; Brevibacillus; unclassified Brevibacillus,,2002-02-15,"USA: Jet Propulsion Laboratory, Pasadena, CA",Microbe sample from Brevibacillus sp. SAFN-007a,neighborhoods\WP_440242499_1.fasta,Cleanroom floor,,,,,False,True
Paenibacillus,Paenibacillus,WP_082207828.1,WP_082207828.1,27,Paenibacillus macerans; Paenibacillus sp. FSL M7-0831; Paenibacillus sp. FSL P4-0127,TOMM precursor leader peptide-binding protein,False,RefSeq,Paenibacillus macerans,CIP110636,GCF_965139965.1,NZ_CBCSLA010000057.1,SAMEA117660514,Paenibacillus macerans,Bacillota,Bacilli,Caryophanales,Paenibacillaceae,Paenibacillus,cellular organisms; Bacteria; Bacillati; Bacillota; Bacilli; Caryophanales; Paenibacillaceae; Paenibacillus,,not provided,not provided,Whole genome sequencing of Paenibacillus macerans CIP110636,neighborhoods\WP_082207828_1.fasta,,,,,,True,True
Alteribacillus,Alteribacillus bidgolensis,WP_091587821.1,WP_091587821.1,2,Alteribacillus bidgolensis,TOMM precursor leader peptide-binding protein,False,RefSeq,Alteribacillus bidgolensis,DSM 25260,GCF_002886255.1,NZ_KZ614149.1,SAMN07249149,Alteribacillus bidgolensis,Bacillota,Bacilli,Caryophanales,Bacillaceae,Alteribacillus,cellular organisms; Bacteria; Bacillati; Bacillota; Bacilli; Caryophanales; Bacillaceae; Alteribacillus,,2012,Iran,Microbe sample from Alteribacillus bidgolensis,neighborhoods\WP_091587821_1.fasta,water of the hypersaline Aran-Bidgol lake in Iran,,,,,True,True
Bacillus,Bacillus sp. TL12,WP_241815991.1,WP_241815991.1,2,Bacillus sp. TL12,TOMM precursor leader peptide-binding protein,False,RefSeq,Bacillus sp. TL12,TL12,GCF_022625245.1,NZ_JAJJBY010000006.1,SAMN23102655,Bacillus sp. TL12,Bacillota,Bacilli,Caryophanales,Bacillaceae,Bacillus,cellular organisms; Bacteria; Bacillati; Bacillota; Bacilli; Caryophanales; Bacillaceae; Bacillus; unclassified Bacillus (in: firmicutes),,2019-10-06,China:Anhui,Microbe sample from Bacillus sp. TL12,neighborhoods\WP_241815991_1.fasta,soil,,,,,False,True
Paenibacillus,Paenibacillus thermoaerophilus,WP_138788096.1,WP_138788096.1,5,Paenibacillus thermoaerophilus,TOMM precursor leader peptide-binding protein,False,RefSeq,Paenibacillus thermoaerophilus,JCM 18657,GCF_042666815.1,NZ_JBHTGQ010000023.1,SAMN43284481,Paenibacillus thermoaerophilus,Bacillota,Bacilli,Caryophanales,Paenibacillaceae,Paenibacillus,cellular organisms; Bacteria; Bacillati; Bacillota; Bacilli; Caryophanales; Paenibacillaceae; Paenibacillus,,2023,missing,Microbe sample from Paenibacillus thermoaerophilus,neighborhoods\WP_138788096_1.fasta,missing,,,,,True,True
Paenibacillus,Paenibacillus filicis,WP_341417155.1,WP_341417155.1,1,Paenibacillus filicis,TOMM precursor leader peptide-binding protein,False,RefSeq,Paenibacillus filicis,KACC14197,GCF_038070315.1,NZ_JBBPCC010000012.1,SAMN40636482,Paenibacillus filicis,Bacillota,Bacilli,Caryophanales,Paenibacillaceae,Paenibacillus,cellular organisms; Bacteria; Bacillati; Bacillota; Bacilli; Caryophanales; Paenibacillaceae; Paenibacillus,,not collected,South Korea,MIGS Cultured Bacterial/Archaeal sample from Paenibacillus filicis,neighborhoods\WP_341417155_1.fasta,,36.37 N 127.44 E,soil,soil,soil,True,True
Paenibacillus,Paenibacillus naphthalenovorans,WP_474324192.1,WP_474324192.1,2,Paenibacillus naphthalenovorans,TOMM precursor leader peptide-binding protein,False,RefSeq,Paenibacillus naphthalenovorans,PETKKU2,GCF_056099625.1,NZ_JBLVQL010000019.1,SAMN46977592,Paenibacillus naphthalenovorans,Bacillota,Bacilli,Caryophanales,Paenibacillaceae,Paenibacillus,cellular organisms; Bacteria; Bacillati; Bacillota; Bacilli; Caryophanales; Paenibacillaceae; Paenibacillus,,2023-03-23,"Thailand: Khon Kaen, Mueang District",MIGS Cultured Bacterial/Archaeal sample from Paenibacillus naphthalenovorans,neighborhoods\WP_474324192_1.fasta,plastic debris from open landfill,16.4644 N 102.8254 E,open dump [ENVO:01000743],waste [ENVO:01000043]|plastic debris [ENVO:01000401],waste disposal site [ENVO:01000096]|polluted environment [ENVO:01000479],True,True
Bacillus,Bacillus swezeyi,WP_307893770.1,WP_307893770.1,1,Bacillus swezeyi,TOMM precursor leader peptide-binding protein,False,RefSeq,Bacillus swezeyi,EA208,GCF_030908325.1,NZ_CP133085.1,SAMN37015269,Bacillus swezeyi,Bacillota,Bacilli,Caryophanales,Bacillaceae,Bacillus,cellular organisms; Bacteria; Bacillati; Bacillota; Bacilli; Caryophanales; Bacillaceae; Bacillus,,2023-03-02,China: Inner Mongolia,Microbe sample from Bacillus swezeyi,neighborhoods\WP_307893770_1.fasta,soil,,,,,True,True
Peribacillus,Peribacillus sp. NPDC096379,WP_403071455.1,WP_403071455.1,2,Peribacillus sp. NPDC096379,TOMM precursor leader peptide-binding protein,False,RefSeq,Peribacillus sp. NPDC096379,NPDC096379,GCF_044762875.1,NZ_JBIWFD010000001.1,SAMN43998061,Peribacillus sp. NPDC096379,Bacillota,Bacilli,Caryophanales,Bacillaceae,Peribacillus,cellular organisms; Bacteria; Bacillati; Bacillota; Bacilli; Caryophanales; Bacillaceae; Peribacillus; unclassified Peribacillus,,not applicable,not applicable,MIGS Cultured Bacterial/Archaeal sample from Peribacillus sp. NPDC096379,neighborhoods\WP_403071455_1.fasta,,not applicable,not applicable,not applicable,not applicable,False,True
Alicyclobacillus,Alicyclobacillus fodiniaquatilis,WP_377943444.1,WP_377943444.1,2,Alicyclobacillus fodiniaquatilis,TOMM precursor leader peptide-binding protein,False,RefSeq,Alicyclobacillus fodiniaquatilis,CGMCC 1.15049,GCF_042678105.1,NZ_JBHUCX010000029.1,SAMN43282698,Alicyclobacillus fodiniaquatilis,Bacillota,Bacilli,Caryophanales,Alicyclobacillaceae,Alicyclobacillus,cellular organisms; Bacteria; Bacillati; Bacillota; Bacilli; Caryophanales; Alicyclobacillaceae; Alicyclobacillus,,2022,missing,Microbe sample from Alicyclobacillus fodiniaquatilis,neighborhoods\WP_377943444_1.fasta,missing,,,,,True,True
Gottfriedia,Gottfriedia luciferensis,WP_088072815.1,WP_088072815.1,1,Gottfriedia luciferensis,TOMM precursor leader peptide-binding protein,False,RefSeq,Gottfriedia luciferensis,DSM 18845,GCF_002156865.1,NZ_NCTA01000057.1,SAMN06693592,Gottfriedia luciferensis,Bacillota,Bacilli,Caryophanales,Bacillaceae,Gottfriedia,cellular organisms; Bacteria; Bacillati; Bacillota; Bacilli; Caryophanales; Bacillaceae; Gottfriedia,,2001,Atlantic Ocean: South Sandwich,Microbe sample from Gottfriedia luciferensis,neighborhoods\WP_088072815_1.fasta,soil,,,,,True,True
Paenibacillus,Paenibacillus puerhi,WP_159887326.1,WP_159887326.1,1,Paenibacillus puerhi,TOMM precursor leader peptide-binding protein,False,RefSeq,Paenibacillus puerhi,SJY2,GCF_009846885.1,NZ_WUWM01000026.1,SAMN13697518,Paenibacillus puerhi,Bacillota,Bacilli,Caryophanales,Paenibacillaceae,Paenibacillus,cellular organisms; Bacteria; Bacillati; Bacillota; Bacilli; Caryophanales; Paenibacillaceae; Paenibacillus,,2018-12,China,Microbe sample from Paenibacillus puerhi,neighborhoods\WP_159887326_1.fasta,soil,,,,,True,True
Paenibacillus,Paenibacillus sp. FSL K6-0276,WP_340006100.1,WP_340006100.1,2,Paenibacillus sp. FSL K6-0276,TOMM precursor leader peptide-binding protein,False,RefSeq,Paenibacillus sp. FSL K6-0276,,GCF_037977235.1,NZ_CP150276.1,SAMN25893916,Paenibacillus sp. FSL K6-0276,Bacillota,Bacilli,Caryophanales,Paenibacillaceae,Paenibacillus,cellular organisms; Bacteria; Bacillati; Bacillota; Bacilli; Caryophanales; Paenibacillaceae; Paenibacillus; unclassified Paenibacillus,not applicable,not collected,not applicable,WGS of Bacilli,neighborhoods\WP_340006100_1.fasta,Teat-swab,,,,,False,True
Neobacillus,Neobacillus bataviensis,WP_144568270.1,WP_144568270.1,2,Neobacillus bataviensis,TOMM precursor leader peptide-binding protein,False,RefSeq,Neobacillus bataviensis,2482,GCF_007828895.1,NZ_VIVN01000022.1,SAMN11512333,Neobacillus bataviensis,Bacillota,Bacilli,Caryophanales,Bacillaceae,Neobacillus,cellular organisms; Bacteria; Bacillati; Bacillota; Bacilli; Caryophanales; Bacillaceae; Neobacillus,not applicable,missing,missing,Bacillus bataviensis 2482,neighborhoods\WP_144568270_1.fasta,missing,missing,missing,missing,missing,True,True
Paenibacillus,Paenibacillus sp. J2TS4,WP_213583967.1,WP_213583967.1,2,Paenibacillus sp. J2TS4,TOMM precursor leader peptide-binding protein,False,RefSeq,Paenibacillus sp. J2TS4,J2TS4,GCF_018403245.1,NZ_BOSH01000004.1,SAMD00277631,Paenibacillus sp. J2TS4,Bacillota,Bacilli,Caryophanales,Paenibacillaceae,Paenibacillus,cellular organisms; Bacteria; Bacillati; Bacillota; Bacilli; Caryophanales; Paenibacillaceae; Paenibacillus; unclassified Paenibacillus,,2018-03-13,Japan,Paenibacillus sp. J2TS4,neighborhoods\WP_213583967_1.fasta,,not applicable,not applicable,honey,not applicable,False,True
Alkalihalobacillus,Alkalihalobacillus sp. AL-G,WP_304978657.1,WP_304978657.1,2,Alkalihalobacillus sp. AL-G,TOMM precursor leader peptide-binding protein,False,RefSeq,Alkalihalobacillus sp. AL-G,AL-G,GCF_030643805.1,NZ_CP094656.1,SAMN26633777,Alkalihalobacillus sp. AL-G,Bacillota,Bacilli,Caryophanales,Bacillaceae,Alkalihalobacillus,cellular organisms; Bacteria; Bacillati; Bacillota; Bacilli; Caryophanales; Bacillaceae; Alkalihalobacillus; unclassified Alkalihalobacillus,,2020-12-31,Israel: Eilat,Microbe sample from Alkalihalobacillus sp. AL-G,neighborhoods\WP_304978657_1.fasta,sponge,,,,,False,True
Fictibacillus,Fictibacillus fluitans,WP_301166095.1,WP_301166095.1,2,Fictibacillus fluitans,TOMM precursor leader peptide-binding protein,False,RefSeq,Fictibacillus fluitans,NE201,GCF_030418125.1,NZ_JAUHTR010000005.1,SAMN36267046,Fictibacillus fluitans,Bacillota,Bacilli,Caryophanales,Fictibacillaceae,Fictibacillus,cellular organisms; Bacteria; Bacillati; Bacillota; Bacilli; Caryophanales; Fictibacillaceae; Fictibacillus,,2018-12-12,India:Nerur,Microbe sample from Fictibacillus fluitans,neighborhoods\WP_301166095_1.fasta,Freshwater pond,,,,,True,True
Ectobacillus,Ectobacillus funiculus,WP_129729220.1,WP_129729220.1,1,Ectobacillus funiculus,TOMM precursor leader peptide-binding protein,False,RefSeq,Ectobacillus funiculus,W18-2,GCF_004138295.1,NZ_SCFM01000029.1,SAMN10734934,Ectobacillus funiculus,Bacillota,Bacilli,Caryophanales,Bacillaceae,Ectobacillus,cellular organisms; Bacteria; Bacillati; Bacillota; Bacilli; Caryophanales; Bacillaceae; Ectobacillus,Miscanthus sinensis,2018-10-10,China,Microbe sample from Ectobacillus funiculus,neighborhoods\WP_129729220_1.fasta,rhizosphere soil,,,,,True,True
Bacillus,Bacillus sp. FJAT-29814,WP_066308054.1,WP_066308054.1,1,Bacillus sp. FJAT-29814,TOMM precursor leader peptide-binding protein,False,RefSeq,Bacillus sp. FJAT-29814,FJAT-29814,GCF_001510715.1,NZ_LMTJ01000003.1,SAMN04102798,Bacillus sp. FJAT-29814,Bacillota,Bacilli,Caryophanales,Bacillaceae,Bacillus,cellular organisms; Bacteria; Bacillati; Bacillota; Bacilli; Caryophanales; Bacillaceae; Bacillus; unclassified Bacillus (in: firmicutes),,2015-02-01,China:Fujian,Microbe sample from Bacillus sp. FJAT-29814,neighborhoods\WP_066308054_1.fasta,soil,,,,,False,True
Paenalicyclobacillus,Paenalicyclobacillus mengziensis,WP_428978648.1,WP_428978648.1,1,Paenalicyclobacillus mengziensis,TOMM precursor leader peptide-binding protein,False,RefSeq,Paenalicyclobacillus mengziensis,S30H14,GCF_017298635.1,NZ_CP071182.1,SAMN18043439,Paenalicyclobacillus mengziensis,Bacillota,Bacilli,Caryophanales,Alicyclobacillaceae,Paenalicyclobacillus,cellular organisms; Bacteria; Bacillati; Bacillota; Bacilli; Caryophanales; Alicyclobacillaceae; Paenalicyclobacillus,,2019-05,China:Yunnan,MIGS Cultured Bacterial/Archaeal sample from Paenalicyclobacillus mengziensis,neighborhoods\WP_428978648_1.fasta,water,23.4814 N 103.7797 E,acidophilic biome,sediment,acid mine drainage,True,True
Bacillus,Bacillus sp. FJAT-50079,WP_213139593.1,WP_213139593.1,2,Bacillus sp. FJAT-50079,TOMM precursor leader peptide-binding protein,False,RefSeq,Bacillus sp. FJAT-50079,FJAT-50079,GCF_018343515.1,NZ_JAGYPD010000009.1,SAMN19008749,Bacillus sp. FJAT-50079,Bacillota,Bacilli,Caryophanales,Bacillaceae,Bacillus,cellular organisms; Bacteria; Bacillati; Bacillota; Bacilli; Caryophanales; Bacillaceae; Bacillus; unclassified Bacillus (in: firmicutes),citrus,2018-08-15,China:Zhangzhou,Microbe sample from Bacillus sp. FJAT-50079,neighborhoods\WP_213139593_1.fasta,rhizosphere soil,,,,,False,True
Paenibacillus,Paenibacillus faecalis,WP_106769287.1,WP_106769287.1,1,Paenibacillus faecalis,TOMM precursor leader peptide-binding protein,False,RefSeq,Paenibacillus faecalis,Marseille-P3787,GCF_900289175.1,NZ_LT985747.1,SAMEA104572236,Paenibacillus faecalis,Bacillota,Bacilli,Caryophanales,Paenibacillaceae,Paenibacillus,cellular organisms; Bacteria; Bacillati; Bacillota; Bacilli; Caryophanales; Paenibacillaceae; Paenibacillus,,,,Paenibacillus cagae genome,neighborhoods\WP_106769287_1.fasta,stool,,,,,True,True
Pseudalkalibacillus,Pseudalkalibacillus sp. A8,WP_408011515.1,WP_408011515.1,2,Pseudalkalibacillus sp. A8,TOMM precursor leader peptide-binding protein,False,RefSeq,Pseudalkalibacillus sp. A8,A8,GCF_045920555.1,NZ_CP174509.1,SAMN45024209,Pseudalkalibacillus sp. A8,Bacillota,Bacilli,Caryophanales,Fictibacillaceae,Pseudalkalibacillus,cellular organisms; Bacteria; Bacillati; Bacillota; Bacilli; Caryophanales; Fictibacillaceae; Pseudalkalibacillus; unclassified Pseudalkalibacillus,Cistanche deserticola,2023-03,China:baiyin,Microbe sample from Pseudalkalibacillus sp. A8,neighborhoods\WP_408011515_1.fasta,plant,,,,,False,True
Paenibacillus,Paenibacillus sp. MY03,WP_087567509.1,WP_087567509.1,2,Paenibacillus sp. MY03,TOMM precursor leader peptide-binding protein,False,RefSeq,Paenibacillus sp. MY03,MY03,GCF_002165585.1,NZ_MXQD01000007.1,SAMN06349740,Paenibacillus sp. MY03,Bacillota,Bacilli,Caryophanales,Paenibacillaceae,Paenibacillus,cellular organisms; Bacteria; Bacillati; Bacillota; Bacilli; Caryophanales; Paenibacillaceae; Paenibacillus; unclassified Paenibacillus,,2006-04,"China: mianyang, Sichuan",MIGS Cultured Bacterial/Archaeal sample from Paenibacillus sp. MY03,neighborhoods\WP_087567509_1.fasta,,32.45 N 104.05 E,forest,soil,forest park,False,True
Paenibacillus,Paenibacillus periandrae,WP_240414842.1,WP_240414842.1,1,Paenibacillus periandrae,TOMM precursor leader peptide-binding protein,False,RefSeq,Paenibacillus periandrae,PM10,GCF_022458865.1,NZ_JAJNMU010000003.1,SAMN23500624,Paenibacillus periandrae,Bacillota,Bacilli,Caryophanales,Paenibacillaceae,Paenibacillus,cellular organisms; Bacteria; Bacillati; Bacillota; Bacilli; Caryophanales; Paenibacillaceae; Paenibacillus,Periandra mediterranea,2021,not collected,Microbe sample from Paenibacillus periandrae,neighborhoods\WP_240414842_1.fasta,root nodule,,,,,True,True
Ectobacillus,Ectobacillus polymachus,WP_416826221.1,WP_416826221.1,1,Ectobacillus polymachus,TOMM precursor leader peptide-binding protein,False,RefSeq,Ectobacillus polymachus,NBRC 110614,GCF_048159605.1,NZ_JBLREB010000001.1,SAMN46760759,Ectobacillus polymachus,Bacillota,Bacilli,Caryophanales,Bacillaceae,Ectobacillus,cellular organisms; Bacteria; Bacillati; Bacillota; Bacilli; Caryophanales; Bacillaceae; Ectobacillus,,2024-08-26,South Korea,Microbe sample from Ectobacillus polymachus,neighborhoods\WP_416826221_1.fasta,forest topsoil,,,,,True,True
Paenibacillus,Paenibacillus aestuarii,WP_270881127.1,WP_270881127.1,3,Paenibacillus aestuarii,TOMM precursor leader peptide-binding protein,False,RefSeq,Paenibacillus aestuarii,CJ25,GCF_027789125.1,NZ_JAQFVF010000045.1,SAMN32425233,Paenibacillus aestuarii,Bacillota,Bacilli,Caryophanales,Paenibacillaceae,Paenibacillus,cellular organisms; Bacteria; Bacillati; Bacillota; Bacilli; Caryophanales; Paenibacillaceae; Paenibacillus,,2010,South Korea:Han river,Microbe sample from Paenibacillus aestuarii,neighborhoods\WP_270881127_1.fasta,sediment from estuarine wetland,,,,,True,True
Bacillus,Bacillus sp. S/N-304-OC-R1,WP_221847011.1,WP_221847011.1,2,Bacillus sp. S/N-304-OC-R1,TOMM precursor leader peptide-binding protein,False,RefSeq,Bacillus sp. S/N-304-OC-R1,S/N-304-OC-R1,GCF_019749375.1,NZ_JACWFE010000016.1,SAMN15543682,Bacillus sp. S/N-304-OC-R1,Bacillota,Bacilli,Caryophanales,Bacillaceae,Bacillus,cellular organisms; Bacteria; Bacillati; Bacillota; Bacilli; Caryophanales; Bacillaceae; Bacillus; unclassified Bacillus (in: firmicutes),,2017-03-06,USA,Microbe sample from Bacillus sp. S/N-304-OC-R1,neighborhoods\WP_221847011_1.fasta,SpX11/RR5 Outisde cage,,,,,False,True
Paenibacillus,Paenibacillus sp. yr247,WP_090824024.1,WP_090824024.1,2,Paenibacillus sp. yr247,TOMM precursor leader peptide-binding protein,False,RefSeq,Paenibacillus sp. yr247,YR247,GCF_900103825.1,NZ_FNIF01000013.1,SAMN04487897,Paenibacillus sp. yr247,Bacillota,Bacilli,Caryophanales,Paenibacillaceae,Paenibacillus,cellular organisms; Bacteria; Bacillati; Bacillota; Bacilli; Caryophanales; Paenibacillaceae; Paenibacillus; unclassified Paenibacillus,,not collected,missing,Paenibacillus sp. YR247,neighborhoods\WP_090824024_1.fasta,,missing,missing,missing,missing,False,True
Brevibacillus,Brevibacillus humidisoli,WP_230045353.1,WP_230045353.1,2,Brevibacillus humidisoli,TOMM precursor leader peptide-binding protein,False,RefSeq,Brevibacillus humidisoli,MMS20-4M-10-Y,GCF_020923435.1,NZ_CP087263.1,SAMN23138538,Brevibacillus humidisoli,Bacillota,Bacilli,Caryophanales,Paenibacillaceae,Brevibacillus,cellular organisms; Bacteria; Bacillati; Bacillota; Bacilli; Caryophanales; Paenibacillaceae; Brevibacillus,,2020-03-22,South Korea,MIGS Cultured Bacterial/Archaeal sample from Brevibacillus sp. MMS20-4M-10-Y,neighborhoods\WP_230045353_1.fasta,soil,34.905222 N 127.513806 E,not applicable,not applicable,not applicable,True,True
Paenibacillus,Paenibacillus sp. GCM10027626,WP_379322404.1,WP_379322404.1,2,Paenibacillus sp. GCM10027626,TOMM precursor leader peptide-binding protein,False,RefSeq,Paenibacillus sp. GCM10027626,CGMCC 1.60098,GCF_042676285.1,NZ_JBHTHC010000001.1,SAMN43284467,Paenibacillus sp. GCM10027626,Bacillota,Bacilli,Caryophanales,Paenibacillaceae,Paenibacillus,cellular organisms; Bacteria; Bacillati; Bacillota; Bacilli; Caryophanales; Paenibacillaceae; Paenibacillus; unclassified Paenibacillus,,2023,missing,Microbe sample from Paenibacillus sp. GCM10027626,neighborhoods\WP_379322404_1.fasta,missing,,,,,False,True
Paenibacillus,Paenibacillus thalictri,WP_131015618.1,WP_131015618.1,2,Paenibacillus thalictri,TOMM precursor leader peptide-binding protein,False,RefSeq,Paenibacillus thalictri,N2SHLJ1,GCF_004307995.1,NZ_SIRE01000016.1,SAMN10962218,Paenibacillus thalictri,Bacillota,Bacilli,Caryophanales,Paenibacillaceae,Paenibacillus,cellular organisms; Bacteria; Bacillati; Bacillota; Bacilli; Caryophanales; Paenibacillaceae; Paenibacillus,Thalictrum simplex L,2018-04-01,China: Guizhou,Microbe sample from Paenibacillus sp. N2SHLJ1,neighborhoods\WP_131015618_1.fasta,surface-sterilized tissue of plant,,,,,True,True
Paenibacillus,Paenibacillus sp. L3-i20,WP_238191226.1,WP_238191226.1,2,Paenibacillus sp. L3-i20,TOMM precursor leader peptide-binding protein,False,RefSeq,Paenibacillus sp. L3-i20,L3-i20,GCF_022180385.2,NZ_BQME02000002.1,SAMD00434440,Paenibacillus sp. L3-i20,Bacillota,Bacilli,Caryophanales,Paenibacillaceae,Paenibacillus,cellular organisms; Bacteria; Bacillati; Bacillota; Bacilli; Caryophanales; Paenibacillaceae; Paenibacillus; unclassified Paenibacillus,,2020-12-01,"Japan:Ruins of Nisshoen, Hiroshima City, Hiroshima",Paenibacillus Genome sequencing and assembly,neighborhoods\WP_238191226_1.fasta,,34.418044 N 132.445918 E,missing,missing,missing,False,True
Metabacillus,Metabacillus kandeliae,WP_231788852.1,WP_231788852.1,2,Metabacillus kandeliae,TOMM precursor leader peptide-binding protein,False,RefSeq,Metabacillus kandeliae,GX 13764,GCF_021166585.1,NZ_JAJOZE010000002.1,SAMN23563878,Metabacillus kandeliae,Bacillota,Bacilli,Caryophanales,Bacillaceae,Metabacillus,cellular organisms; Bacteria; Bacillati; Bacillota; Bacilli; Caryophanales; Bacillaceae; Metabacillus,,2019-10-03,China: Guangxi Province,Microbe sample from Metabacillus kandeliae,neighborhoods\WP_231788852_1.fasta,rhizosphere soil of a withered mangrove,,,,,True,True
Paenibacillus,Paenibacillus sp. SYP-B3998,WP_163954142.1,WP_163954142.1,2,Paenibacillus sp. SYP-B3998,TOMM precursor leader peptide-binding protein,False,RefSeq,Paenibacillus sp. SYP-B3998,SYP-B3998,GCF_010820665.1,NZ_JAAIKC010000027.1,SAMN13335780,Paenibacillus sp. SYP-B3998,Bacillota,Bacilli,Caryophanales,Paenibacillaceae,Paenibacillus,cellular organisms; Bacteria; Bacillati; Bacillota; Bacilli; Caryophanales; Paenibacillaceae; Paenibacillus; unclassified Paenibacillus,,2018-11-17,China:Heilongjiang Hegang,Microbe sample from Paenibacillus sp. SYP-B3998,neighborhoods\WP_163954142_1.fasta,tea maple soil,,,,,False,True
Bacillus,Bacillus sp. AP8,WP_019240802.1,WP_019240802.1,1,Bacillus sp. AP8,TOMM precursor leader peptide-binding protein,False,RefSeq,Bacillus sp. AP8,AP8,GCF_000321185.1,NZ_CAPG01000019.1,SAMEA2272318,Bacillus sp. AP8,Bacillota,Bacilli,Caryophanales,Bacillaceae,Bacillus,cellular organisms; Bacteria; Bacillati; Bacillota; Bacilli; Caryophanales; Bacillaceae; Bacillus; unclassified Bacillus (in: firmicutes),,,not provided,Human gut genome,neighborhoods\WP_019240802_1.fasta,human gut,,human-associated habitat,,human gut,False,True
Paenibacillus,Paenibacillus sp. Soil522,WP_056637392.1,WP_056637392.1,2,Paenibacillus sp. Soil522,TOMM precursor leader peptide-binding protein,False,RefSeq,Paenibacillus sp. Soil522,Soil522,GCF_001428245.1,NZ_LMRV01000055.1,SAMN04155653,Paenibacillus sp. Soil522,Bacillota,Bacilli,Caryophanales,Paenibacillaceae,Paenibacillus,cellular organisms; Bacteria; Bacillati; Bacillota; Bacilli; Caryophanales; Paenibacillaceae; Paenibacillus; unclassified Paenibacillus,Arabidopsis thaliana,2013,Germany:Cologne,MIGS Cultured Bacterial/Archaeal sample from Paenibacillus sp. Soil522,neighborhoods\WP_056637392_1.fasta,,50.958 N 6.856 E,Agricultural soil,soil,greenhouse,False,True
Brevibacillus,Brevibacillus sp. DP1.3A,WP_173617751.1,WP_173617751.1,2,Brevibacillus sp. DP1.3A,TOMM precursor leader peptide-binding protein,False,RefSeq,Brevibacillus sp. DP1.3A,DP1.3A,GCF_013284245.2,NZ_CP085876.1,SAMN14997623,Brevibacillus sp. DP1.3A,Bacillota,Bacilli,Caryophanales,Paenibacillaceae,Brevibacillus,cellular organisms; Bacteria; Bacillati; Bacillota; Bacilli; Caryophanales; Paenibacillaceae; Brevibacillus; unclassified Brevibacillus,,2019-04-23,"Viet Nam: Dan Phong, Ha Noi",Microbe sample from Brevibacillus sp. DP1.3A,neighborhoods\WP_173617751_1.fasta,soil of Citrus sinensis plantation,,,,,False,True
Paenibacillus,Paenibacillus aurantius,WP_315607124.1,WP_315607124.1,2,Paenibacillus aurantius,TOMM precursor leader peptide-binding protein,False,RefSeq,Paenibacillus aurantius,MBLB1776,GCF_032268605.1,NZ_CP130318.1,SAMN26000377,Paenibacillus aurantius,Bacillota,Bacilli,Caryophanales,Paenibacillaceae,Paenibacillus,cellular organisms; Bacteria; Bacillati; Bacillota; Bacilli; Caryophanales; Paenibacillaceae; Paenibacillus,,2021-03,South Korea: Uljin,MIGS Cultured Bacterial/Archaeal sample from Paenibacillus aurantius,neighborhoods\WP_315607124_1.fasta,Marine mud,36.693250 N 129.658070 E,Marine sediment biome,Marine mud,depth,True,True
Bacillus,Bacillus kalamii,WP_412889570.1,WP_412889570.1,2,Bacillus kalamii,TOMM precursor leader peptide-binding protein,False,RefSeq,Bacillus kalamii,1P06AnD,GCF_047238185.1,NZ_JBDFMI010000006.1,SAMN40372246,Bacillus kalamii,Bacillota,Bacilli,Caryophanales,Bacillaceae,Bacillus,cellular organisms; Bacteria; Bacillati; Bacillota; Bacilli; Caryophanales; Bacillaceae; Bacillus,,2007,USA:Cape Canaveral,Phoenix,neighborhoods\WP_412889570_1.fasta,Clean room floor,,,,,True,True
Metabacillus,Metabacillus sp. 113a,WP_426863372.1,WP_426863372.1,2,Metabacillus sp. 113a,TOMM precursor leader peptide-binding protein,False,RefSeq,Metabacillus sp. 113a,113a,GCF_050107635.1,NZ_JBNILJ010000013.1,SAMN47227556,Metabacillus sp. 113a,Bacillota,Bacilli,Caryophanales,Bacillaceae,Metabacillus,cellular organisms; Bacteria; Bacillati; Bacillota; Bacilli; Caryophanales; Bacillaceae; Metabacillus; unclassified Metabacillus,,2007,"Mexico: Desert of Cuatrocienegas, Coahuila",Microbe sample from Metabacillus sp. 113a,neighborhoods\WP_426863372_1.fasta,sediment,,,,,False,True
Paenibacillus,Paenibacillus abyssi,WP_188530354.1,WP_188530354.1,3,Paenibacillus abyssi,TOMM precursor leader peptide-binding protein,False,RefSeq,Paenibacillus abyssi,CGMCC 1.12987,GCF_042647385.1,NZ_JBHRVG010000001.1,SAMN43282194,Paenibacillus abyssi,Bacillota,Bacilli,Caryophanales,Paenibacillaceae,Paenibacillus,cellular organisms; Bacteria; Bacillati; Bacillota; Bacilli; Caryophanales; Paenibacillaceae; Paenibacillus,,2020,missing,Microbe sample from Paenibacillus abyssi,neighborhoods\WP_188530354_1.fasta,missing,,,,,True,True
Marininema,Marininema mesophilum,WP_091734471.1,WP_091734471.1,2,Marininema mesophilum,TOMM precursor leader peptide-binding protein,False,RefSeq,Marininema mesophilum,DSM 45610,GCF_900106775.1,NZ_FNNQ01000001.1,SAMN05444487,Marininema mesophilum,Bacillota,Bacilli,Caryophanales,Thermoactinomycetaceae,Marininema,cellular organisms; Bacteria; Bacillati; Bacillota; Bacilli; Caryophanales; Thermoactinomycetaceae; Marininema,not applicable,missing,missing,Marininema mesophilum DSM 45610,neighborhoods\WP_091734471_1.fasta,missing,missing,missing,missing,missing,True,True
Paenibacillus,Paenibacillus thermotolerans,WP_274365841.1,WP_274365841.1,2,Paenibacillus thermotolerans,TOMM precursor leader peptide-binding protein,False,RefSeq,Paenibacillus thermotolerans,YIM B05601,GCF_029360625.1,NZ_JAQZSA010000049.1,SAMN33247417,Paenibacillus thermotolerans,Bacillota,Bacilli,Caryophanales,Paenibacillaceae,Paenibacillus,cellular organisms; Bacteria; Bacillati; Bacillota; Bacilli; Caryophanales; Paenibacillaceae; Paenibacillus,,2020-05-10,China,Microbe sample from Paenibacillus thermotolerans,neighborhoods\WP_274365841_1.fasta,soil,,,,,True,True
Halobacillus,Halobacillus sp. BBL2006,WP_035545486.1,WP_035545486.1,2,Halobacillus sp. BBL2006,TOMM precursor leader peptide-binding protein,False,RefSeq,Halobacillus sp. BBL2006,BBL2006,GCF_000786645.1,NZ_JRNX01000280.1,SAMN03001965,Halobacillus sp. BBL2006,Bacillota,Bacilli,Caryophanales,Bacillaceae,Halobacillus,cellular organisms; Bacteria; Bacillati; Bacillota; Bacilli; Caryophanales; Bacillaceae; Halobacillus; unclassified Halobacillus,,2006-09-09,"USA: Big Bone Lick State Park, Boone county KY",Microbe sample from Halobacillus sp. BBL2006,neighborhoods\WP_035545486_1.fasta,Sulfur rich salt springs,,Temperate deciduous forest,,,False,True
Cytobacillus,Cytobacillus depressus,WP_151532787.1,WP_151532787.1,2,Cytobacillus depressus,TOMM precursor leader peptide-binding protein,False,RefSeq,Cytobacillus depressus,BZ1,GCF_008923245.1,NZ_WBOS01000001.1,SAMN12869501,Cytobacillus depressus,Bacillota,Bacilli,Caryophanales,Bacillaceae,Cytobacillus,cellular organisms; Bacteria; Bacillati; Bacillota; Bacilli; Caryophanales; Bacillaceae; Cytobacillus,,2015,China,Microbe sample from Cytobacillus depressus,neighborhoods\WP_151532787_1.fasta,soil sample,,,,,True,True
unclassified,unclassified Paenibacillus,WP_210021420.1,WP_210021420.1,12,Paenibacillus sp. PvP052; Paenibacillus sp. PvP091; Paenibacillus sp. PvR018; Paenibacillus sp. PvR052; Paenibacillus sp. PvR053; Paenibacillus sp. PvR098; Paenibacillus sp. PvR148,TOMM precursor leader peptide-binding protein,False,RefSeq,Paenibacillus sp. PvP091,PvP091,GCF_017832315.1,NZ_JAFIBN010000001.1,SAMN17693772,Paenibacillus sp. PvP091,Bacillota,Bacilli,Caryophanales,Paenibacillaceae,Paenibacillus,cellular organisms; Bacteria; Bacillati; Bacillota; Bacilli; Caryophanales; Paenibacillaceae; Paenibacillus; unclassified Paenibacillus,not applicable,missing,USA: Michigan,Paenibacillus sp. PvP091,neighborhoods\WP_210021420_1.fasta,missing,42.3956 N 85.3757 W,missing,missing,missing,False,False
Brevibacillus,Brevibacillus ginsengisoli,WP_426927781.1,WP_426927781.1,2,Brevibacillus ginsengisoli,TOMM precursor leader peptide-binding protein,False,RefSeq,Brevibacillus ginsengisoli,KCTC 13938,GCF_050113715.1,NZ_JBNJQR010000002.1,SAMN48177416,Brevibacillus ginsengisoli,Bacillota,Bacilli,Caryophanales,Paenibacillaceae,Brevibacillus,cellular organisms; Bacteria; Bacillati; Bacillota; Bacilli; Caryophanales; Paenibacillaceae; Brevibacillus,,2024-02-11,South Korea: Pocheon Province,Microbe sample from Brevibacillus ginsengisoli,neighborhoods\WP_426927781_1.fasta,soil of a ginseng field,,,,,True,True
Bacillus,Bacillus pseudomycoides,WP_144568500.1,WP_144568500.1,1,Bacillus pseudomycoides,TOMM precursor leader peptide-binding protein,False,RefSeq,Bacillus pseudomycoides,DE0184,GCF_007681785.1,NZ_VELP01000001.1,SAMN11792344,Bacillus pseudomycoides,Bacillota,Bacilli,Caryophanales,Bacillaceae,Bacillus,cellular organisms; Bacteria; Bacillati; Bacillota; Bacilli; Caryophanales; Bacillaceae; Bacillus; Bacillus cereus group,not applicable,2018-09-01,"USA: North Carolina, Durham",Microbe sample from Bacillus pseudomycoides,neighborhoods\WP_144568500_1.fasta,environmental,,,,,True,True
Paenibacillus,Paenibacillus sp. F024,WP_488977595.1,WP_488977595.1,2,Paenibacillus sp. F024,TOMM precursor leader peptide-binding protein,False,RefSeq,Paenibacillus sp. F024,F024,GCF_057814255.1,NZ_JBVASZ010000003.1,SAMN55333256,Paenibacillus sp. F024,Bacillota,Bacilli,Caryophanales,Paenibacillaceae,Paenibacillus,cellular organisms; Bacteria; Bacillati; Bacillota; Bacilli; Caryophanales; Paenibacillaceae; Paenibacillus; unclassified Paenibacillus,Arabidopsis thaliana,2020,Switzerland: Bern,F024,neighborhoods\WP_488977595_1.fasta,roots,,,,,False,True
Brevibacillus,Brevibacillus sp. B_LB10_24,WP_408108662.1,WP_408108662.1,2,Brevibacillus sp. B_LB10_24,TOMM precursor leader peptide-binding protein,False,RefSeq,Brevibacillus sp. B_LB10_24,B_LB10_24,GCF_046036945.1,NZ_JBJQOQ010000012.1,SAMN44753052,Brevibacillus sp. B_LB10_24,Bacillota,Bacilli,Caryophanales,Paenibacillaceae,Brevibacillus,cellular organisms; Bacteria; Bacillati; Bacillota; Bacilli; Caryophanales; Paenibacillaceae; Brevibacillus; unclassified Brevibacillus,,2022-06-02,China: Xiangxi,Microbe sample from Brevibacillus sp. B_LB10_24,neighborhoods\WP_408108662_1.fasta,isolated from the solid-state fermentation pits of Fuyu-flavor baijiu,,,,,False,True
Siminovitchia,Siminovitchia,WP_077114160.1,WP_077114160.1,5,Bacillus sp. VT-16-64; Siminovitchia sp. FSL H7-0308; Siminovitchia thermophila,TOMM precursor leader peptide-binding protein,False,RefSeq,Siminovitchia sp. FSL H7-0308,,GCF_037980985.1,NZ_CP150282.1,SAMN25893898,Siminovitchia sp. FSL H7-0308,Bacillota,Bacilli,Caryophanales,Bacillaceae,Siminovitchia,cellular organisms; Bacteria; Bacillati; Bacillota; Bacilli; Caryophanales; Bacillaceae; Siminovitchia; unclassified Siminovitchia,not applicable,not collected,not applicable,WGS of Bacilli,neighborhoods\WP_077114160_1.fasta,raw milk,,,,,True,True
Paenibacillus,Paenibacillus marchantiophytorum,GFZ93307.1,GFZ93307.1,1,Paenibacillus marchantiophytorum,hypothetical protein,True,GenBank/INSDC,Paenibacillus marchantiophytorum,CGMCC 1.15043,GCA_014640555.1,BMHE01000026.1,SAMD00245010,Paenibacillus marchantiophytorum,Bacillota,Bacilli,Caryophanales,Paenibacillaceae,Paenibacillus,cellular organisms; Bacteria; Bacillati; Bacillota; Bacilli; Caryophanales; Paenibacillaceae; Paenibacillus,,missing,not applicable,Strain CGMCC 1.15043 of Paenibacillus marchantiophytorum,neighborhoods\GFZ93307_1.fasta,,not applicable,not applicable,not applicable,not applicable,True,True
Paenibacillus,Paenibacillus oralis,WP_246061953.1,WP_246061953.1,1,Paenibacillus oralis,TOMM precursor leader peptide-binding protein,False,RefSeq,Paenibacillus oralis,KCOM 3021,GCF_003863965.1,NZ_RRCN01000001.1,SAMN10461998,Paenibacillus oralis,Bacillota,Bacilli,Caryophanales,Paenibacillaceae,Paenibacillus,cellular organisms; Bacteria; Bacillati; Bacillota; Bacilli; Caryophanales; Paenibacillaceae; Paenibacillus,Homo sapiens,2002-05-09,South Korea: Gwangju,Pathogen: clinical or host-associated sample from Paenibacillus sp. ChDC PVNT-B20,neighborhoods\WP_246061953_1.fasta,Subgingival dental plaque,35.14 N 126.93 E,,,,True,True
Paenibacillus,Paenibacillus aceris,WP_167056766.1,WP_167056766.1,4,Paenibacillus aceris,TOMM precursor leader peptide-binding protein,False,RefSeq,Paenibacillus aceris,KACC 19194,GCF_011605705.1,NZ_JAAOZR010000013.1,SAMN13558767,Paenibacillus aceris,Bacillota,Bacilli,Caryophanales,Paenibacillaceae,Paenibacillus,cellular organisms; Bacteria; Bacillati; Bacillota; Bacilli; Caryophanales; Paenibacillaceae; Paenibacillus,,2006,South Korea,Microbe sample from Paenibacillus aceris,neighborhoods\WP_167056766_1.fasta,rhizosphere,,,,,True,True
Paenibacillus,Paenibacillus ginsengarvi,WP_240041135.1,WP_240041135.1,1,Paenibacillus ginsengarvi,TOMM precursor leader peptide-binding protein,False,RefSeq,Paenibacillus ginsengarvi,KCTC 13059,GCF_003626695.1,NZ_RBAH01000010.1,SAMN10141491,Paenibacillus ginsengarvi,Bacillota,Bacilli,Caryophanales,Paenibacillaceae,Paenibacillus,cellular organisms; Bacteria; Bacillati; Bacillota; Bacilli; Caryophanales; Paenibacillaceae; Paenibacillus,,2018-09,South Korea: Pocheon Province,MIGS Cultured Bacterial/Archaeal sample from Paenibacillus ginsengarvi,neighborhoods\WP_240041135_1.fasta,,missing,field,soil,field,True,True
Paenibacillus,Paenibacillus sp. J2L1-98,WP_475824833.1,WP_475824833.1,2,Paenibacillus sp. J2L1-98,TOMM precursor leader peptide-binding protein,False,RefSeq,Paenibacillus sp. J2L1-98,J2L1-98,GCF_056269405.1,NZ_JBWDNW010000001.1,SAMN53067135,Paenibacillus sp. J2L1-98,Bacillota,Bacilli,Caryophanales,Paenibacillaceae,Paenibacillus,cellular organisms; Bacteria; Bacillati; Bacillota; Bacilli; Caryophanales; Paenibacillaceae; Paenibacillus; unclassified Paenibacillus,,2022-11,China: Jilin province,Microbe sample from Paenibacillus sp. J2L1-98,neighborhoods\WP_475824833_1.fasta,20-year-old wild ginseng,41.669595 N 125.841877 E,,,,False,True
Bacillus,Bacillus sp. DX4.1,WP_289371338.1,WP_289371338.1,2,Bacillus sp. DX4.1,TOMM precursor leader peptide-binding protein,False,RefSeq,Bacillus sp. DX4.1,DX4.1,GCF_030348195.1,NZ_JAUCFT010000008.1,SAMN34510081,Bacillus sp. DX4.1,Bacillota,Bacilli,Caryophanales,Bacillaceae,Bacillus,cellular organisms; Bacteria; Bacillati; Bacillota; Bacilli; Caryophanales; Bacillaceae; Bacillus; unclassified Bacillus (in: firmicutes),,2016-02,Germany: Heida,Microbe sample from Bacillus sp. DX4.1,neighborhoods\WP_289371338_1.fasta,grassland soil,50.72 N 10.91 E,,,,False,True
Bacillaceae,Bacillaceae,WP_149871263.1,WP_149871263.1,4,Bacillus sp. S3; Neobacillus sp. 19,TOMM precursor leader peptide-binding protein,False,RefSeq,Bacillus sp. S3,S3,GCF_005154805.1,NZ_CP039727.1,SAMN11475527,Bacillus sp. S3,Bacillota,Bacilli,Caryophanales,Bacillaceae,Bacillus,cellular organisms; Bacteria; Bacillati; Bacillota; Bacilli; Caryophanales; Bacillaceae; Bacillus; unclassified Bacillus (in: firmicutes),,2017-03-30,China: Hunan,Microbe sample from Bacillus sp. S3,neighborhoods\WP_149871263_1.fasta,Contaminated Mine Soils,,,,,True,False
Paenibacillus,Paenibacillus sp. Marseille-P2973,WP_211020662.1,WP_211020662.1,2,Paenibacillus sp. Marseille-P2973,TOMM precursor leader peptide-binding protein,False,RefSeq,Paenibacillus sp. Marseille-P2973,Marseille-P2973,GCF_018101095.1,NZ_JAGQEH010000002.1,SAMN18714441,Paenibacillus sp. Marseille-P2973,Bacillota,Bacilli,Caryophanales,Paenibacillaceae,Paenibacillus,cellular organisms; Bacteria; Bacillati; Bacillota; Bacilli; Caryophanales; Paenibacillaceae; Paenibacillus; unclassified Paenibacillus,Homo sapiens,not applicable,not applicable,MIGS Cultured Bacterial/Archaeal sample from Paenibacillus sp. Marseille-P2973,neighborhoods\WP_211020662_1.fasta,feces,not applicable,Human feces,not applicable,not applicable,False,True
Neobacillus,Neobacillus sp. DFD-2R,WP_488313931.1,WP_488313931.1,2,Neobacillus sp. DFD-2R,TOMM precursor leader peptide-binding protein,False,RefSeq,Neobacillus sp. DFD-2R,DFD-2R,GCF_057747865.1,NZ_CM173228.1,SAMN59907339,Neobacillus sp. DFD-2R,Bacillota,Bacilli,Caryophanales,Bacillaceae,Neobacillus,cellular organisms; Bacteria; Bacillati; Bacillota; Bacilli; Caryophanales; Bacillaceae; Neobacillus; unclassified Neobacillus,,2025-06-09,South Korea:Jeonju,Microbe sample from Neobacillus sp. DFD-2R,neighborhoods\WP_488313931_1.fasta,soil,,,,,False,True
Salipaludibacillus,Salipaludibacillus sp. CUR1,WP_230896616.1,WP_230896616.1,2,Salipaludibacillus sp. CUR1,TOMM precursor leader peptide-binding protein,False,RefSeq,Salipaludibacillus sp. CUR1,CUR1,GCF_021028955.1,NZ_JAIWPE010000040.1,SAMN18347004,Salipaludibacillus sp. CUR1,Bacillota,Bacilli,Caryophanales,Bacillaceae,Salipaludibacillus,cellular organisms; Bacteria; Bacillati; Bacillota; Bacilli; Caryophanales; Bacillaceae; Salipaludibacillus; unclassified Salipaludibacillus,,2019-01-20,India: Jaipur,Microbe sample from Salipaludibacillus sp.,neighborhoods\WP_230896616_1.fasta,soda lake,,,,,False,True
Sporosarcina,Sporosarcina soli,WP_381439362.1,WP_381439362.1,2,Sporosarcina soli,TOMM precursor leader peptide-binding protein,False,RefSeq,Sporosarcina soli,KACC 11300,GCF_042655805.1,NZ_JBHSNO010000016.1,SAMN43282818,Sporosarcina soli,Bacillota,Bacilli,Caryophanales,Caryophanaceae,Sporosarcina,cellular organisms; Bacteria; Bacillati; Bacillota; Bacilli; Caryophanales; Caryophanaceae; Sporosarcina,,2021,missing,Microbe sample from Sporosarcina soli,neighborhoods\WP_381439362_1.fasta,missing,,,,,True,True
Brevibacillus,Brevibacillus gelatini,WP_122903867.1,WP_122903867.1,4,Brevibacillus gelatini,TOMM precursor leader peptide-binding protein,False,RefSeq,Brevibacillus gelatini,SLU2,GCF_054187885.1,NZ_JBSZKL010000001.1,SAMN52665836,Brevibacillus gelatini,Bacillota,Bacilli,Caryophanales,Paenibacillaceae,Brevibacillus,cellular organisms; Bacteria; Bacillati; Bacillota; Bacilli; Caryophanales; Paenibacillaceae; Brevibacillus,missing,2022-01-27,Sweden,Microbe sample from Brevibacillus gelatini,neighborhoods\WP_122903867_1.fasta,,,,,,True,True
Bacillus,Bacillus sp. 1NLA3E,WP_015591994.1,WP_015591994.1,2,Bacillus sp. 1NLA3E,TOMM precursor leader peptide-binding protein,False,RefSeq,Bacillus sp. 1NLA3E,1NLA3E,GCF_000242895.2,NC_021171.1,SAMN02598535,Bacillus sp. 1NLA3E,Bacillota,Bacilli,Caryophanales,Bacillaceae,Bacillus,cellular organisms; Bacteria; Bacillati; Bacillota; Bacilli; Caryophanales; Bacillaceae; Bacillus; unclassified Bacillus (in: firmicutes),,,,Sample from Bacillus sp. 1NLA3E,neighborhoods\WP_015591994_1.fasta,,,,,,False,True
Brevibacillus,Brevibacillus agri,WP_310670671.1,WP_310670671.1,2,Brevibacillus agri,TOMM precursor leader peptide-binding protein,False,RefSeq,Brevibacillus agri,MX26,GCA_031581545.1,JAVLER010000092.1,SAMN37266001,Brevibacillus agri,Bacillota,Bacilli,Caryophanales,Paenibacillaceae,Brevibacillus,cellular organisms; Bacteria; Bacillati; Bacillota; Bacilli; Caryophanales; Paenibacillaceae; Brevibacillus,,2020-12,"India: Tuwa, Panchmahal, Gujarat",Microbe sample from Brevibacillus agri,neighborhoods\WP_310670671_1.fasta,soil,22.799444 N 73.4602778 E,,,,True,True
Ammoniphilus,Ammoniphilus soli,WP_367752922.1,WP_367752922.1,2,Ammoniphilus soli,TOMM precursor leader peptide-binding protein,False,RefSeq,Ammoniphilus soli,3BR4,GCF_040813775.1,NZ_JBEGDL010000006.1,SAMN41600853,Ammoniphilus soli,Bacillota,Bacilli,Caryophanales,Paenibacillaceae,Ammoniphilus,cellular organisms; Bacteria; Bacillati; Bacillota; Bacilli; Caryophanales; Paenibacillaceae; Aneurinibacillus group; Ammoniphilus,,not provided,"China:Aksu, Xinjiang",Microbe sample from Ammoniphilus soli,neighborhoods\WP_367752922_1.fasta,soil,,,,,True,True
Paenibacillus,Paenibacillus planticolens,WP_171681600.1,WP_171681600.1,2,Paenibacillus planticolens,TOMM precursor leader peptide-binding protein,False,RefSeq,Paenibacillus planticolens,LMG 31457,GCA_013141725.1,WHNZ01000007.1,SAMN13054926,Paenibacillus planticolens,Bacillota,Bacilli,Caryophanales,Paenibacillaceae,Paenibacillus,cellular organisms; Bacteria; Bacillati; Bacillota; Bacilli; Caryophanales; Paenibacillaceae; Paenibacillus,,2017-05-30,Belgium:Ghent,Microbe sample from Paenibacillus planticolens,neighborhoods\WP_171681600_1.fasta,plant,,,,,True,True
Bacillus,Bacillus sp. CGMCC 1.16607,WP_377878078.1,WP_377878078.1,2,Bacillus sp. CGMCC 1.16607,TOMM precursor leader peptide-binding protein,False,RefSeq,Bacillus sp. CGMCC 1.16607,CGMCC 1.16607,GCF_042683745.1,NZ_JBHUJX010000021.1,SAMN43282477,Bacillus sp. CGMCC 1.16607,Bacillota,Bacilli,Caryophanales,Bacillaceae,Bacillus,cellular organisms; Bacteria; Bacillati; Bacillota; Bacilli; Caryophanales; Bacillaceae; Bacillus; unclassified Bacillus (in: firmicutes),,2021,missing,Microbe sample from Bacillus sp. CGMCC 1.16607,neighborhoods\WP_377878078_1.fasta,missing,,,,,False,True
Cohnella,Cohnella sp. CFH 77786,WP_219639481.1,WP_219639481.1,2,Cohnella sp. CFH 77786,TOMM precursor leader peptide-binding protein,False,RefSeq,Cohnella sp. CFH 77786,CFH 77786,GCF_019400745.1,NZ_WJIB01000005.1,SAMN13108286,Cohnella sp. CFH 77786,Bacillota,Bacilli,Caryophanales,Paenibacillaceae,Cohnella,cellular organisms; Bacteria; Bacillati; Bacillota; Bacilli; Caryophanales; Paenibacillaceae; Cohnella; unclassified Cohnella,,2019-07-30,China:Tengchong,Microbe sample from CFH 77786 Cohnella sp.,neighborhoods\WP_219639481_1.fasta,hotspring,,,,,False,True
Paenibacillus,Paenibacillus sp. J2R1T-4,MIF9978659.1,MIF9978659.1,2,Paenibacillus sp. J2R1T-4,TOMM precursor leader peptide-binding protein,False,GenBank/INSDC,Paenibacillus sp. J2R1T-4,J2R1T-4,GCA_059692235.1,JCAUBA010000006.1,SAMN60282031,Paenibacillus sp. J2R1T-4,Bacillota,Bacilli,Caryophanales,Paenibacillaceae,Paenibacillus,cellular organisms; Bacteria; Bacillati; Bacillota; Bacilli; Caryophanales; Paenibacillaceae; Paenibacillus; unclassified Paenibacillus,ginseng,2022-10,China: Jilin,MIGS Cultured Bacterial/Archaeal sample from Paenibacillus sp. J2R1T-4,neighborhoods\MIF9978659_1.fasta,,41.669595 N 125.841877 E,plant-associated,soil,rhizosphere,False,True
Paenibacillus,Paenibacillus sp. HWE-109,WP_238171584.1,WP_238171584.1,2,Paenibacillus sp. HWE-109,TOMM precursor leader peptide-binding protein,False,RefSeq,Paenibacillus sp. HWE-109,HWE-109,GCF_022163125.1,NZ_CP091881.1,SAMN23226979,Paenibacillus sp. HWE-109,Bacillota,Bacilli,Caryophanales,Paenibacillaceae,Paenibacillus,cellular organisms; Bacteria; Bacillati; Bacillota; Bacilli; Caryophanales; Paenibacillaceae; Paenibacillus; unclassified Paenibacillus,not applicable,2020-08,South Korea,Microbe sample from paenibacillus sp.,neighborhoods\WP_238171584_1.fasta,soli,36.47757866 N 127.48091167 E,not applicable,,,False,True
Paenibacillus,Paenibacillus gyeongsangnamensis,WP_269880234.1,WP_269880234.1,2,Paenibacillus filicis; Paenibacillus gyeongsangnamensis,TOMM precursor leader peptide-binding protein,False,RefSeq,Paenibacillus gyeongsangnamensis,dW9,GCF_027533625.1,NZ_JAQAGZ010000003.1,SAMN32411282,Paenibacillus gyeongsangnamensis,Bacillota,Bacilli,Caryophanales,Paenibacillaceae,Paenibacillus,cellular organisms; Bacteria; Bacillati; Bacillota; Bacilli; Caryophanales; Paenibacillaceae; Paenibacillus,,2021-06,South Korea,MIGS Cultured Bacterial/Archaeal sample from Paenibacillus gyeongsangnamensis,neighborhoods\WP_269880234_1.fasta,,35.48 N 128.22 E,Gyeongsangnam-do,Samga-myeon,Hapcheon-gun,True,True
Bacillus,Bacillus sp. JJ1521,WP_335370013.1,WP_335370013.1,2,Bacillus sp. JJ1521,TOMM precursor leader peptide-binding protein,False,RefSeq,Bacillus sp. JJ1521,JJ1521,GCF_036965165.1,NZ_JBALOX010000212.1,SAMN40001858,Bacillus sp. JJ1521,Bacillota,Bacilli,Caryophanales,Bacillaceae,Bacillus,cellular organisms; Bacteria; Bacillati; Bacillota; Bacilli; Caryophanales; Bacillaceae; Bacillus; unclassified Bacillus (in: firmicutes),corn,2014,USA: Ohio,Microbe sample from Bacillus sp. JJ1521,neighborhoods\WP_335370013_1.fasta,emissingophyte,,,,,False,True
Paenibacillus,Paenibacillus sp. Soil750,WP_056619250.1,WP_056619250.1,2,Paenibacillus sp. Soil750,TOMM precursor leader peptide-binding protein,False,RefSeq,Paenibacillus sp. Soil750,Soil750,GCF_001428045.1,NZ_LMSD01000023.1,SAMN04155663,Paenibacillus sp. Soil750,Bacillota,Bacilli,Caryophanales,Paenibacillaceae,Paenibacillus,cellular organisms; Bacteria; Bacillati; Bacillota; Bacilli; Caryophanales; Paenibacillaceae; Paenibacillus; unclassified Paenibacillus,Arabidopsis thaliana,2013,Germany:Cologne,MIGS Cultured Bacterial/Archaeal sample from Paenibacillus sp. Soil750,neighborhoods\WP_056619250_1.fasta,,50.958 N 6.856 E,Agricultural soil,soil,greenhouse,False,True
Paenibacillus,Paenibacillus fonticola,WP_019638724.1,WP_019638724.1,1,Paenibacillus fonticola DSM 21315,TOMM precursor leader peptide-binding protein,False,RefSeq,Paenibacillus fonticola DSM 21315,DSM 21315,GCF_000381905.1,NZ_KB907263.1,SAMN02441316,Paenibacillus fonticola DSM 21315,Bacillota,Bacilli,Caryophanales,Paenibacillaceae,Paenibacillus,cellular organisms; Bacteria; Bacillati; Bacillota; Bacilli; Caryophanales; Paenibacillaceae; Paenibacillus; Paenibacillus fonticola,,2006-01,Taiwan,Generic sample from Paenibacillus fonticola DSM 21315,neighborhoods\WP_019638724_1.fasta,,missing,,,,True,True
Paenibacillus,Paenibacillus sp. 1_12,WP_091171297.1,WP_091171297.1,2,Paenibacillus sp. 1_12,TOMM precursor leader peptide-binding protein,False,RefSeq,Paenibacillus sp. 1_12,1_12,GCF_900114475.1,NZ_FOTE01000008.1,SAMN03159341,Paenibacillus sp. 1_12,Bacillota,Bacilli,Caryophanales,Paenibacillaceae,Paenibacillus,cellular organisms; Bacteria; Bacillati; Bacillota; Bacilli; Caryophanales; Paenibacillaceae; Paenibacillus; unclassified Paenibacillus,,not collected,missing,Paenibacillus sp. 1_12,neighborhoods\WP_091171297_1.fasta,,not collected,missing,missing,missing,False,True
Cohnella,Cohnella kolymensis,WP_041067727.1,WP_041067727.1,2,Cohnella kolymensis,TOMM precursor leader peptide-binding protein,False,RefSeq,Cohnella kolymensis,VKM B-2846,GCF_000829465.1,NZ_JXAL01000034.1,SAMN03274191,Cohnella kolymensis,Bacillota,Bacilli,Caryophanales,Paenibacillaceae,Cohnella,cellular organisms; Bacteria; Bacillati; Bacillota; Bacilli; Caryophanales; Paenibacillaceae; Cohnella,,missing,Russia: Kolyma,Microbe sample Cohnella kolymensis strain B-2846,neighborhoods\WP_041067727_1.fasta,permafrost soil,,permafrost soil,,,True,True
Brevibacillus,Brevibacillus reuszeri,WP_376909552.1,WP_376909552.1,2,Brevibacillus reuszeri,TOMM precursor leader peptide-binding protein,False,RefSeq,Brevibacillus reuszeri,SR4KB4.6,GCF_042749055.1,NZ_JBHZEY010000010.1,SAMN43949895,Brevibacillus reuszeri,Bacillota,Bacilli,Caryophanales,Paenibacillaceae,Brevibacillus,cellular organisms; Bacteria; Bacillati; Bacillota; Bacilli; Caryophanales; Paenibacillaceae; Brevibacillus,,2022-07-14,Thailand:Surin,Microbe sample from Brevibacillus reuszeri,neighborhoods\WP_376909552_1.fasta,soil,,,,,True,True
Bacillus,Bacillus sp. ISL-39,WP_215022250.1,WP_215022250.1,2,Bacillus sp. ISL-39,TOMM precursor leader peptide-binding protein,False,RefSeq,Bacillus sp. ISL-39,ISL-39,GCF_018613295.1,NZ_JAGGQM010000002.1,SAMN18299008,Bacillus sp. ISL-39,Bacillota,Bacilli,Caryophanales,Bacillaceae,Bacillus,cellular organisms; Bacteria; Bacillati; Bacillota; Bacilli; Caryophanales; Bacillaceae; Bacillus; unclassified Bacillus (in: firmicutes),,2017-04,"Chile: Atacama Desert, between Atacama Salar and Lajia lagoon",ISL39,neighborhoods\WP_215022250_1.fasta,,23.5043 S 67.6974 W,arid biome[ENVO:01001838],steppe soil[ENVO:00005777]|soil organic matter[ENVO:04000008],slope[ENVO:00002000]|vegetation layer[ENVO:01000355],False,True
Paenibacillus,Paenibacillus sp. JMULE4,WP_174350539.1,WP_174350539.1,2,Paenibacillus sp. JMULE4,TOMM precursor leader peptide-binding protein,False,RefSeq,Paenibacillus sp. JMULE4,JMULE4,GCF_013337105.1,NZ_SGWF01000012.1,SAMN10909635,Paenibacillus sp. JMULE4,Bacillota,Bacilli,Caryophanales,Paenibacillaceae,Paenibacillus,cellular organisms; Bacteria; Bacillati; Bacillota; Bacilli; Caryophanales; Paenibacillaceae; Paenibacillus; unclassified Paenibacillus,,2017-08,USA: Lake Erie,Microbe sample from Paenibacillus sp. JMULE4,neighborhoods\WP_174350539_1.fasta,Lake Erie,,,,,False,True
Neobacillus,Neobacillus mesonae,WP_127484440.1,WP_127484440.1,3,Neobacillus mesonae,TOMM precursor leader peptide-binding protein,False,RefSeq,Neobacillus mesonae,H20-5,GCF_003999735.1,NZ_CP022572.1,SAMN07414821,Neobacillus mesonae,Bacillota,Bacilli,Caryophanales,Bacillaceae,Neobacillus,cellular organisms; Bacteria; Bacillati; Bacillota; Bacilli; Caryophanales; Bacillaceae; Neobacillus,,2004,South Korea,Complete genome sequence of Bacillus mesonae H20-5,neighborhoods\WP_127484440_1.fasta,,37.468677 N 127.542828 E,agricultural soil,soil cultivated with Lactuca sativa,bulk soil,True,True
Paenibacillus,Paenibacillus,WP_049869145.1,WP_049869145.1,3,Paenibacillus humicus; Paenibacillus sp. D9,TOMM precursor leader peptide-binding protein,False,RefSeq,Paenibacillus sp. D9,D9,GCF_001188365.1,NZ_JZEJ01000001.1,SAMN03383164,Paenibacillus sp. D9,Bacillota,Bacilli,Caryophanales,Paenibacillaceae,Paenibacillus,cellular organisms; Bacteria; Bacillati; Bacillota; Bacilli; Caryophanales; Paenibacillaceae; Paenibacillus; unclassified Paenibacillus,,2009,South Africa: Durban,Microbe sample from Paenibacillus sp. D9,neighborhoods\WP_049869145_1.fasta,diesel contaminated soil,,,,,True,True
Paenibacillus,Paenibacillus hamazuiensis,WP_248925999.1,WP_248925999.1,1,Paenibacillus hamazuiensis,TOMM precursor leader peptide-binding protein,False,RefSeq,Paenibacillus hamazuiensis,YIM B00624,GCF_023276405.1,NZ_JALRMO010000001.1,SAMN27620061,Paenibacillus hamazuiensis,Bacillota,Bacilli,Caryophanales,Paenibacillaceae,Paenibacillus,cellular organisms; Bacteria; Bacillati; Bacillota; Bacilli; Caryophanales; Paenibacillaceae; Paenibacillus,,2019-11,China,Microbe sample from Paenibacillus hamazuiensis,neighborhoods\WP_248925999_1.fasta,soil,,,,,True,True
Pseudalkalibacillus,Pseudalkalibacillus berkeleyi,WP_236331319.1,WP_236331319.1,2,Pseudalkalibacillus berkeleyi,TOMM precursor leader peptide-binding protein,False,RefSeq,Pseudalkalibacillus berkeleyi,KCTC 12718,GCF_021608225.1,NZ_JAKIJS010000001.1,SAMN25013768,Pseudalkalibacillus berkeleyi,Bacillota,Bacilli,Caryophanales,Fictibacillaceae,Pseudalkalibacillus,cellular organisms; Bacteria; Bacillati; Bacillota; Bacilli; Caryophanales; Fictibacillaceae; Pseudalkalibacillus,Strongylocentrotus intermedius (sea urchin),2011,Japan,Microbe sample from Pseudalkalibacillus berkeleyi,neighborhoods\WP_236331319_1.fasta,missing,,,,,True,True
Paenibacillus,Paenibacillus profundus,WP_233696727.1,WP_233696727.1,2,Paenibacillus profundus,TOMM precursor leader peptide-binding protein,False,RefSeq,Paenibacillus profundus,YoMME,GCF_021369635.1,NZ_JAJNBZ010000006.1,SAMN23428406,Paenibacillus profundus,Bacillota,Bacilli,Caryophanales,Paenibacillaceae,Paenibacillus,cellular organisms; Bacteria; Bacillati; Bacillota; Bacilli; Caryophanales; Paenibacillaceae; Paenibacillus,,2018,"Bulgaria:Struma River, Blagoevgrad",Microbe sample from Paenibacillus profundus,neighborhoods\WP_233696727_1.fasta,sediment,,,,,True,True
Paenibacillus,Paenibacillus abyssi,WP_188530979.1,WP_188530979.1,3,Paenibacillus abyssi,TOMM precursor leader peptide-binding protein,False,RefSeq,Paenibacillus abyssi,CGMCC 1.12987,GCF_042647385.1,NZ_JBHRVG010000001.1,SAMN43282194,Paenibacillus abyssi,Bacillota,Bacilli,Caryophanales,Paenibacillaceae,Paenibacillus,cellular organisms; Bacteria; Bacillati; Bacillota; Bacilli; Caryophanales; Paenibacillaceae; Paenibacillus,,2020,missing,Microbe sample from Paenibacillus abyssi,neighborhoods\WP_188530979_1.fasta,missing,,,,,True,True
Paenibacillus,Paenibacillus sp. J31P13,WP_475797351.1,WP_475797351.1,2,Paenibacillus sp. J31P13,TOMM precursor leader peptide-binding protein,False,RefSeq,Paenibacillus sp. J31P13,J31P13,GCF_056269295.1,NZ_JBWDNR010000001.1,SAMN53067140,Paenibacillus sp. J31P13,Bacillota,Bacilli,Caryophanales,Paenibacillaceae,Paenibacillus,cellular organisms; Bacteria; Bacillati; Bacillota; Bacilli; Caryophanales; Paenibacillaceae; Paenibacillus; unclassified Paenibacillus,,2022-11,China: Jilin province,Microbe sample from Paenibacillus sp. J31P13,neighborhoods\WP_475797351_1.fasta,30-year-old wild ginseng,41.671549 N 125.808749 E,,,,False,True
Paenibacillus,Paenibacillus sp. N3/727,WP_481856752.1,WP_481856752.1,1,Paenibacillus sp. N3/727,TOMM precursor leader peptide-binding protein,False,RefSeq,Paenibacillus sp. N3/727,N3/727,GCF_022637315.1,NZ_CP093336.1,SAMN26520716,Paenibacillus sp. N3/727,Bacillota,Bacilli,Caryophanales,Paenibacillaceae,Paenibacillus,cellular organisms; Bacteria; Bacillati; Bacillota; Bacilli; Caryophanales; Paenibacillaceae; Paenibacillus; unclassified Paenibacillus,,2008-06,Germany: long-term fertilization experiment Paulinenaue,Microbe sample from Paenibacillus sp. N3/727,neighborhoods\WP_481856752_1.fasta,peat soil,,,,,False,True
Microbacteriaceae,Microbacteriaceae bacterium 4G12,MFD3449695.1,MFD3449695.1,1,Microbacteriaceae bacterium 4G12,TOMM precursor leader peptide-binding protein,False,GenBank/INSDC,Microbacteriaceae bacterium 4G12,4G12,GCA_042715355.1,JBHZIG010000041.1,SAMN43868525,Microbacteriaceae bacterium 4G12,Actinomycetota,Actinomycetes,Micrococcales,Microbacteriaceae,,cellular organisms; Bacteria; Bacillati; Actinomycetota; Actinomycetes; Micrococcales; Microbacteriaceae; unclassified Microbacteriaceae,plant,2023-10-24T14:30:11Z,China:Yunnan,Microbe sample from Microbacteriaceae bacterium 4G12,neighborhoods\MFD3449695_1.fasta,,,,,,False,True
Bacillus,Bacillus sp. FJAT-29937,WP_066300398.1,WP_066300398.1,1,Bacillus sp. FJAT-29937,TOMM precursor leader peptide-binding protein,False,RefSeq,Bacillus sp. FJAT-29937,FJAT-29937,GCF_001509555.1,NZ_LMAS01000012.1,SAMN04099166,Bacillus sp. FJAT-29937,Bacillota,Bacilli,Caryophanales,Bacillaceae,Bacillus,cellular organisms; Bacteria; Bacillati; Bacillota; Bacilli; Caryophanales; Bacillaceae; Bacillus; unclassified Bacillus (in: firmicutes),,2015-02-11,China: Fujian,Microbe sample from Bacillus sp. FJAT-29937,neighborhoods\WP_066300398_1.fasta,soil,,,,,False,True
Bacillus,Bacillus toyonensis,WP_262734323.1,WP_262734323.1,2,Bacillus toyonensis,TOMM precursor leader peptide-binding protein,False,RefSeq,Bacillus toyonensis,BC127A,GCF_025519565.1,NZ_JAOPTF010000098.1,SAMN27545647,Bacillus toyonensis,Bacillota,Bacilli,Caryophanales,Bacillaceae,Bacillus,cellular organisms; Bacteria; Bacillati; Bacillota; Bacilli; Caryophanales; Bacillaceae; Bacillus; Bacillus cereus group,,2018,Italy,Pathogen: environmental/food/other sample from Bacillus toyonensis,neighborhoods\WP_262734323_1.fasta,Milk and dairy products,41.25 N 16.25 E,,,,True,True
Paenibacillus,Paenibacillus hemerocallicola,WP_139602670.1,WP_139602670.1,2,Paenibacillus hemerocallicola,TOMM precursor leader peptide-binding protein,False,RefSeq,Paenibacillus hemerocallicola,KCTC 33185,GCF_006265175.1,NZ_VDCQ01000015.1,SAMN11774449,Paenibacillus hemerocallicola,Bacillota,Bacilli,Caryophanales,Paenibacillaceae,Paenibacillus,cellular organisms; Bacteria; Bacillati; Bacillota; Bacilli; Caryophanales; Paenibacillaceae; Paenibacillus,,2015-07-01,South Korea,Microbe sample from Paenibacillus hemerocallicola,neighborhoods\WP_139602670_1.fasta,roots,,,,,True,True
Paenibacillus,Paenibacillus paridis,WP_139998519.1,WP_139998519.1,1,Paenibacillus paridis,TOMM precursor leader peptide-binding protein,False,RefSeq,Paenibacillus paridis,py1325,GCF_006345825.1,NZ_VCIX01000092.1,SAMN11812021,Paenibacillus paridis,Bacillota,Bacilli,Caryophanales,Paenibacillaceae,Paenibacillus,cellular organisms; Bacteria; Bacillati; Bacillota; Bacilli; Caryophanales; Paenibacillaceae; Paenibacillus,Paris polyphylla var. yunnanensis,2014-08-14,China: Yunnan province,Microbe sample from Paenibacillus sp. py1325,neighborhoods\WP_139998519_1.fasta,root,,,,,True,True
Neobacillus,Neobacillus terrae,WP_166026058.1,WP_166026058.1,2,Neobacillus terrae,TOMM precursor leader peptide-binding protein,False,RefSeq,Neobacillus terrae,C11,GCF_011393025.1,NZ_JAAOEO010000005.1,SAMN14299276,Neobacillus terrae,Bacillota,Bacilli,Caryophanales,Bacillaceae,Neobacillus,cellular organisms; Bacteria; Bacillati; Bacillota; Bacilli; Caryophanales; Bacillaceae; Neobacillus,,2019-11-12,South Korea:Gangwon-do,Microbe sample from Neobacillus terrae,neighborhoods\WP_166026058_1.fasta,soil,,,,,True,True
Rossellomorea,Rossellomorea aquimaris,WP_224874912.1,WP_224874912.1,2,Rossellomorea aquimaris,TOMM precursor leader peptide-binding protein,False,RefSeq,Rossellomorea aquimaris,AcN35-5,GCF_020171925.1,NZ_JAIVAR010000001.1,SAMN21542838,Rossellomorea aquimaris,Bacillota,Bacilli,Caryophanales,Bacillaceae,Rossellomorea,cellular organisms; Bacteria; Bacillati; Bacillota; Bacilli; Caryophanales; Bacillaceae; Rossellomorea,,2021-01-13,China:Shenzhen,MIGS Cultured Bacterial/Archaeal sample from Rossellomorea aquimaris,neighborhoods\WP_224874912_1.fasta,,22.651 N 114.515 E,Mangrove rhizosphere sediment,sediment,offshore,True,True
Neobacillus,Neobacillus vireti,WP_335503957.1,WP_335503957.1,2,Neobacillus vireti,TOMM precursor leader peptide-binding protein,False,RefSeq,Neobacillus vireti,JJ405,GCF_036962465.1,NZ_JBALNF010000036.1,SAMN40001913,Neobacillus vireti,Bacillota,Bacilli,Caryophanales,Bacillaceae,Neobacillus,cellular organisms; Bacteria; Bacillati; Bacillota; Bacilli; Caryophanales; Bacillaceae; Neobacillus,soybean,2014,USA: Nebraska,Microbe sample from Neobacillus vireti,neighborhoods\WP_335503957_1.fasta,rhizoplane,,,,,True,True
Bacillus,Bacillus sp. JJ1609,WP_335430990.1,WP_335430990.1,2,Bacillus sp. JJ1609,TOMM precursor leader peptide-binding protein,False,RefSeq,Bacillus sp. JJ1609,JJ1609,GCF_036967045.1,NZ_JBALSS010000016.1,SAMN40001728,Bacillus sp. JJ1609,Bacillota,Bacilli,Caryophanales,Bacillaceae,Bacillus,cellular organisms; Bacteria; Bacillati; Bacillota; Bacilli; Caryophanales; Bacillaceae; Bacillus; unclassified Bacillus (in: firmicutes),soybean,2014,USA: Ohio,Microbe sample from Bacillus sp. JJ1609,neighborhoods\WP_335430990_1.fasta,rhizoplane,,,,,False,True
Bacillus,Bacillus anthracis,WP_325805767.1,WP_325805767.1,4,Bacillus anthracis; Bacillus cereus,TOMM precursor leader peptide-binding protein,False,RefSeq,Bacillus anthracis,B-59696,GCF_035801615.1,NZ_JARLBV010000004.1,SAMN33769609,Bacillus anthracis,Bacillota,Bacilli,Caryophanales,Bacillaceae,Bacillus,cellular organisms; Bacteria; Bacillati; Bacillota; Bacilli; Caryophanales; Bacillaceae; Bacillus; Bacillus cereus group,Zea mays,2012-01-17,USA: Illinois,Microbe sample from Bacillus anthracis,neighborhoods\WP_325805767_1.fasta,kernel,,,,,True,True
Brevibacillus,Brevibacillus centrosporus,WP_411502621.1,WP_411502621.1,2,Brevibacillus centrosporus,TOMM precursor leader peptide-binding protein,False,RefSeq,Brevibacillus centrosporus,MPB16,GCF_046622605.1,NZ_CP176856.1,SAMN45893323,Brevibacillus centrosporus,Bacillota,Bacilli,Caryophanales,Paenibacillaceae,Brevibacillus,cellular organisms; Bacteria; Bacillati; Bacillota; Bacilli; Caryophanales; Paenibacillaceae; Brevibacillus,Citrullus colocynthis,2022-01,United Arab Emirates: Al Ain,Brevibacillus centrosporus isolated from plant leaf,neighborhoods\WP_411502621_1.fasta,leaf of endophyte,,,,,True,True
Melghirimyces,Melghirimyces profundicolus,WP_108022050.1,WP_108022050.1,2,Melghirimyces profundicolus,TOMM precursor leader peptide-binding protein,False,RefSeq,Melghirimyces profundicolus,DSM 45787,GCF_003054245.1,NZ_QBKR01000004.1,SAMN08776942,Melghirimyces profundicolus,Bacillota,Bacilli,Caryophanales,Thermoactinomycetaceae,Melghirimyces,cellular organisms; Bacteria; Bacillati; Bacillota; Bacilli; Caryophanales; Thermoactinomycetaceae; Melghirimyces,not applicable,missing,missing,Melghirimyces profundicolus DSM 45787,neighborhoods\WP_108022050_1.fasta,missing,missing,missing,missing,missing,True,True
Mesobacillus,Mesobacillus jeotgali,WP_079508713.1,WP_079508713.1,1,Mesobacillus jeotgali,TOMM precursor leader peptide-binding protein,False,RefSeq,Mesobacillus jeotgali,Marseille-P1092,GCF_900166585.1,NZ_FVZC01000009.1,SAMEA87823918,Mesobacillus jeotgali,Bacillota,Bacilli,Caryophanales,Bacillaceae,Mesobacillus,cellular organisms; Bacteria; Bacillati; Bacillota; Bacilli; Caryophanales; Bacillaceae; Mesobacillus,,,,PRJEB19410,neighborhoods\WP_079508713_1.fasta,,,,,,True,True
Oceanobacillus,Oceanobacillus salinisoli,WP_156288261.1,WP_156288261.1,1,Oceanobacillus salinisoli,TOMM precursor leader peptide-binding protein,False,RefSeq,Oceanobacillus salinisoli,YIM B00359,GCF_009733865.1,NZ_WOFB01000001.1,SAMN13379556,Oceanobacillus salinisoli,Bacillota,Bacilli,Caryophanales,Bacillaceae,Oceanobacillus,cellular organisms; Bacteria; Bacillati; Bacillota; Bacilli; Caryophanales; Bacillaceae; Oceanobacillus,,2017-06,China: XinJiang,Microbe sample from Oceanobacillus salinisoli,neighborhoods\WP_156288261_1.fasta,soil,,,,,True,True
Paenibacillus,Paenibacillus sp. sgz302148,WP_474678985.1,WP_474678985.1,1,Paenibacillus sp. sgz302148,TOMM precursor leader peptide-binding protein,False,RefSeq,Paenibacillus sp. sgz302148,sgz302148,GCF_056120465.1,NZ_JBVYOJ010000037.1,SAMN56359718,Paenibacillus sp. sgz302148,Bacillota,Bacilli,Caryophanales,Paenibacillaceae,Paenibacillus,cellular organisms; Bacteria; Bacillati; Bacillota; Bacilli; Caryophanales; Paenibacillaceae; Paenibacillus; unclassified Paenibacillus,,2025-07-05,China,Microbe sample from Paenibacillus sp. sgz302148,neighborhoods\WP_474678985_1.fasta,paddy soil,,,,,False,True
Collibacillus,Collibacillus ludicampi,GIM47697.1,GIM47697.1,2,Collibacillus ludicampi,hypothetical protein,True,GenBank/INSDC,Collibacillus ludicampi,TP075,GCA_023705585.1,BOQE01000001.1,SAMD00249588,Collibacillus ludicampi,Bacillota,Bacilli,Caryophanales,Alicyclobacillaceae,Collibacillus,cellular organisms; Bacteria; Bacillati; Bacillota; Bacilli; Caryophanales; Alicyclobacillaceae; Collibacillus,,2018-09-05,"Japan:Nara, Yadayama",TP075_draft_genome1,neighborhoods\GIM47697_1.fasta,,34.6688 N 135.7332 E,not applicable,not applicable,not applicable,True,True
Paenibacillus,Paenibacillus sp. YSY-4.3,WP_460318716.1,WP_460318716.1,2,Paenibacillus sp. YSY-4.3,TOMM precursor leader peptide-binding protein,False,RefSeq,Paenibacillus sp. YSY-4.3,YSY-4.3,GCF_054767475.1,NZ_BAABMC010000001.1,SAMD00735188,Paenibacillus sp. YSY-4.3,Bacillota,Bacilli,Caryophanales,Paenibacillaceae,Paenibacillus,cellular organisms; Bacteria; Bacillati; Bacillota; Bacilli; Caryophanales; Paenibacillaceae; Paenibacillus; unclassified Paenibacillus,Dipterocarpus sp.,2019-10-16,"Viet Nam:Daklak, Yok Don National Park",Characterization and whole genome sequencing of chitin-degrading Paenibacillus sp. YSY-4.3 isolated from Yok Don National Park reveals its potential as a plant biostimulant and constitutes a novel species,neighborhoods\WP_460318716_1.fasta,soil,not applicable,not applicable,not applicable,not applicable,False,True
Paenibacillus,Paenibacillus puerhi,WP_159886549.1,WP_159886549.1,1,Paenibacillus puerhi,TOMM precursor leader peptide-binding protein,False,RefSeq,Paenibacillus puerhi,SJY2,GCF_009846885.1,NZ_WUWM01000020.1,SAMN13697518,Paenibacillus puerhi,Bacillota,Bacilli,Caryophanales,Paenibacillaceae,Paenibacillus,cellular organisms; Bacteria; Bacillati; Bacillota; Bacilli; Caryophanales; Paenibacillaceae; Paenibacillus,,2018-12,China,Microbe sample from Paenibacillus puerhi,neighborhoods\WP_159886549_1.fasta,soil,,,,,True,True
Halobacillus,Halobacillus litoralis,WP_226588834.1,WP_226588834.1,2,Halobacillus litoralis,TOMM precursor leader peptide-binding protein,False,RefSeq,Halobacillus litoralis,SaN21-8,GCF_020524085.2,NZ_CP129016.1,SAMN21557956,Halobacillus litoralis,Bacillota,Bacilli,Caryophanales,Bacillaceae,Halobacillus,cellular organisms; Bacteria; Bacillati; Bacillota; Bacilli; Caryophanales; Bacillaceae; Halobacillus,,2021-01-13,China:Shenzhen,MIGS Cultured Bacterial/Archaeal sample from Halobacillus litoralis,neighborhoods\WP_226588834_1.fasta,,22.539 N 114.602 E,Mangrove rhizosphere sediment,sediment,offshore,True,True
Bacillus,Bacillus sp. FJAT-27225,WP_066202683.1,WP_066202683.1,2,Bacillus sp. FJAT-27225,TOMM precursor leader peptide-binding protein,False,RefSeq,Bacillus sp. FJAT-27225,FJAT-27225,GCF_001685025.1,NZ_MAYU01000022.1,SAMN05003852,Bacillus sp. FJAT-27225,Bacillota,Bacilli,Caryophanales,Bacillaceae,Bacillus,cellular organisms; Bacteria; Bacillati; Bacillota; Bacilli; Caryophanales; Bacillaceae; Bacillus; unclassified Bacillus (in: firmicutes),,2014,China: Heilongjiang,Microbe sample from Bacillus sp. FJAT-27225,neighborhoods\WP_066202683_1.fasta,soil,,,,,False,True
Paenibacillus,Paenibacillus sp. J22R160,MIF9986139.1,MIF9986139.1,2,Paenibacillus sp. J22R160,TOMM precursor leader peptide-binding protein,False,GenBank/INSDC,Paenibacillus sp. J22R160,J22R160,GCA_059692135.1,JCAUAU010000009.1,SAMN60282037,Paenibacillus sp. J22R160,Bacillota,Bacilli,Caryophanales,Paenibacillaceae,Paenibacillus,cellular organisms; Bacteria; Bacillati; Bacillota; Bacilli; Caryophanales; Paenibacillaceae; Paenibacillus; unclassified Paenibacillus,ginseng,2022-10,China: Jilin,MIGS Cultured Bacterial/Archaeal sample from Paenibacillus sp. J22R160,neighborhoods\MIF9986139_1.fasta,,41.669595 N 125.841877 E,plant-associated,soil,rhizosphere,False,True
Brevibacillus,Brevibacillus agri,WP_122953408.1,WP_122953408.1,2,Brevibacillus agri,TOMM precursor leader peptide-binding protein,False,RefSeq,Brevibacillus agri,NRRL NRS 1219,GCA_003710885.1,RHHN01000089.1,SAMN10330895,Brevibacillus agri,Bacillota,Bacilli,Caryophanales,Paenibacillaceae,Brevibacillus,cellular organisms; Bacteria; Bacillati; Bacillota; Bacilli; Caryophanales; Paenibacillaceae; Brevibacillus,,1916,USA,Microbe sample from Brevibacillus agri,neighborhoods\WP_122953408_1.fasta,soil,,,,,True,True
Paenibacillus,Paenibacillus silvestris,WP_161405329.1,WP_161405329.1,2,Paenibacillus silvestris,TOMM precursor leader peptide-binding protein,False,RefSeq,Paenibacillus silvestris,5J-6,GCF_009882985.1,NZ_WTUZ01000007.1,SAMN13558515,Paenibacillus silvestris,Bacillota,Bacilli,Caryophanales,Paenibacillaceae,Paenibacillus,cellular organisms; Bacteria; Bacillati; Bacillota; Bacilli; Caryophanales; Paenibacillaceae; Paenibacillus,,2019-03-03,South Korea,Microbe sample from Paenibacillus silvestris,neighborhoods\WP_161405329_1.fasta,sea sand,,,,,True,True
